benchmark,run,memory,order,runtime_ns,runtime_ms,delta_on_minus_off_ns,delta_on_minus_off_ms,gates,depth,cx,hits,misses,recalls,discoveries,direct_resolutions
VQE,1,ON,ON_OFF,8140834,8.140834,3179584,3.179584,520,61,88,107,1,107,1,0
VQE,1,OFF,ON_OFF,4961250,4.96125,3179584,3.179584,520,61,88,0,0,0,0,108
VQE,2,ON,OFF_ON,5529083,5.529083,215166,0.215166,520,61,88,107,1,107,1,0
VQE,2,OFF,OFF_ON,5313917,5.313917,215166,0.215166,520,61,88,0,0,0,0,108
VQE,3,ON,ON_OFF,46960292,46.960292,40677251,40.677251,520,61,88,107,1,107,1,0
VQE,3,OFF,ON_OFF,6283041,6.283041,40677251,40.677251,520,61,88,0,0,0,0,108
VQE,4,ON,OFF_ON,5344709,5.344709,108126,0.108126,520,61,88,107,1,107,1,0
VQE,4,OFF,OFF_ON,5236583,5.236583,108126,0.108126,520,61,88,0,0,0,0,108
VQE,5,ON,ON_OFF,6240083,6.240083,1173375,1.173375,520,61,88,107,1,107,1,0
VQE,5,OFF,ON_OFF,5066708,5.066708,1173375,1.173375,520,61,88,0,0,0,0,108
VQE,6,ON,OFF_ON,4984917,4.984917,-1151333,-1.151333,520,61,88,107,1,107,1,0
VQE,6,OFF,OFF_ON,6136250,6.13625,-1151333,-1.151333,520,61,88,0,0,0,0,108
VQE,7,ON,ON_OFF,11727000,11.727,4024625,4.024625,520,61,88,107,1,107,1,0
VQE,7,OFF,ON_OFF,7702375,7.702375,4024625,4.024625,520,61,88,0,0,0,0,108
VQE,8,ON,OFF_ON,4713500,4.7135,-561833,-0.561833,520,61,88,107,1,107,1,0
VQE,8,OFF,OFF_ON,5275333,5.275333,-561833,-0.561833,520,61,88,0,0,0,0,108
VQE,9,ON,ON_OFF,5769625,5.769625,926208,0.926208,520,61,88,107,1,107,1,0
VQE,9,OFF,ON_OFF,4843417,4.843417,926208,0.926208,520,61,88,0,0,0,0,108
VQE,10,ON,OFF_ON,6028333,6.028333,1559083,1.559083,520,61,88,107,1,107,1,0
VQE,10,OFF,OFF_ON,4469250,4.46925,1559083,1.559083,520,61,88,0,0,0,0,108
VQE,11,ON,ON_OFF,4991458,4.991458,727208,0.727208,520,61,88,107,1,107,1,0
VQE,11,OFF,ON_OFF,4264250,4.26425,727208,0.727208,520,61,88,0,0,0,0,108
VQE,12,ON,OFF_ON,4373042,4.373042,-100958,-0.100958,520,61,88,107,1,107,1,0
VQE,12,OFF,OFF_ON,4474000,4.474,-100958,-0.100958,520,61,88,0,0,0,0,108
VQE,13,ON,ON_OFF,4615834,4.615834,31501,0.031501,520,61,88,107,1,107,1,0
VQE,13,OFF,ON_OFF,4584333,4.584333,31501,0.031501,520,61,88,0,0,0,0,108
VQE,14,ON,OFF_ON,4273375,4.273375,221250,0.22125,520,61,88,107,1,107,1,0
VQE,14,OFF,OFF_ON,4052125,4.052125,221250,0.22125,520,61,88,0,0,0,0,108
VQE,15,ON,ON_OFF,4519459,4.519459,439626,0.439626,520,61,88,107,1,107,1,0
VQE,15,OFF,ON_OFF,4079833,4.079833,439626,0.439626,520,61,88,0,0,0,0,108
VQE,16,ON,OFF_ON,4136292,4.136292,875,0.000875,520,61,88,107,1,107,1,0
VQE,16,OFF,OFF_ON,4135417,4.135417,875,0.000875,520,61,88,0,0,0,0,108
VQE,17,ON,ON_OFF,4073375,4.073375,7084,0.007084,520,61,88,107,1,107,1,0
VQE,17,OFF,ON_OFF,4066291,4.066291,7084,0.007084,520,61,88,0,0,0,0,108
VQE,18,ON,OFF_ON,4139208,4.139208,-35251,-0.035251,520,61,88,107,1,107,1,0
VQE,18,OFF,OFF_ON,4174459,4.174459,-35251,-0.035251,520,61,88,0,0,0,0,108
VQE,19,ON,ON_OFF,4126125,4.126125,89625,0.089625,520,61,88,107,1,107,1,0
VQE,19,OFF,ON_OFF,4036500,4.0365,89625,0.089625,520,61,88,0,0,0,0,108
VQE,20,ON,OFF_ON,4061333,4.061333,-47876,-0.047876,520,61,88,107,1,107,1,0
VQE,20,OFF,OFF_ON,4109209,4.109209,-47876,-0.047876,520,61,88,0,0,0,0,108
VQE,21,ON,ON_OFF,4227416,4.227416,180624,0.180624,520,61,88,107,1,107,1,0
VQE,21,OFF,ON_OFF,4046792,4.046792,180624,0.180624,520,61,88,0,0,0,0,108
VQE,22,ON,OFF_ON,4129459,4.129459,97625,0.097625,520,61,88,107,1,107,1,0
VQE,22,OFF,OFF_ON,4031834,4.031834,97625,0.097625,520,61,88,0,0,0,0,108
VQE,23,ON,ON_OFF,4094375,4.094375,63375,0.063375,520,61,88,107,1,107,1,0
VQE,23,OFF,ON_OFF,4031000,4.031,63375,0.063375,520,61,88,0,0,0,0,108
VQE,24,ON,OFF_ON,4059333,4.059333,-30583,-0.030583,520,61,88,107,1,107,1,0
VQE,24,OFF,OFF_ON,4089916,4.089916,-30583,-0.030583,520,61,88,0,0,0,0,108
VQE,25,ON,ON_OFF,4067250,4.06725,76000,0.076,520,61,88,107,1,107,1,0
VQE,25,OFF,ON_OFF,3991250,3.99125,76000,0.076,520,61,88,0,0,0,0,108
VQE,26,ON,OFF_ON,4087125,4.087125,-52375,-0.052375,520,61,88,107,1,107,1,0
VQE,26,OFF,OFF_ON,4139500,4.1395,-52375,-0.052375,520,61,88,0,0,0,0,108
VQE,27,ON,ON_OFF,4235042,4.235042,210959,0.210959,520,61,88,107,1,107,1,0
VQE,27,OFF,ON_OFF,4024083,4.024083,210959,0.210959,520,61,88,0,0,0,0,108
VQE,28,ON,OFF_ON,4111000,4.111,143125,0.143125,520,61,88,107,1,107,1,0
VQE,28,OFF,OFF_ON,3967875,3.967875,143125,0.143125,520,61,88,0,0,0,0,108
VQE,29,ON,ON_OFF,4180333,4.180333,143416,0.143416,520,61,88,107,1,107,1,0
VQE,29,OFF,ON_OFF,4036917,4.036917,143416,0.143416,520,61,88,0,0,0,0,108
VQE,30,ON,OFF_ON,4074292,4.074292,-56500,-0.0565,520,61,88,107,1,107,1,0
VQE,30,OFF,OFF_ON,4130792,4.130792,-56500,-0.0565,520,61,88,0,0,0,0,108
VQE,31,ON,ON_OFF,4055000,4.055,80875,0.080875,520,61,88,107,1,107,1,0
VQE,31,OFF,ON_OFF,3974125,3.974125,80875,0.080875,520,61,88,0,0,0,0,108
VQE,32,ON,OFF_ON,4086417,4.086417,120459,0.120459,520,61,88,107,1,107,1,0
VQE,32,OFF,OFF_ON,3965958,3.965958,120459,0.120459,520,61,88,0,0,0,0,108
VQE,33,ON,ON_OFF,4135250,4.13525,124084,0.124084,520,61,88,107,1,107,1,0
VQE,33,OFF,ON_OFF,4011166,4.011166,124084,0.124084,520,61,88,0,0,0,0,108
VQE,34,ON,OFF_ON,4157250,4.15725,127875,0.127875,520,61,88,107,1,107,1,0
VQE,34,OFF,OFF_ON,4029375,4.029375,127875,0.127875,520,61,88,0,0,0,0,108
VQE,35,ON,ON_OFF,4107209,4.107209,76667,0.076667,520,61,88,107,1,107,1,0
VQE,35,OFF,ON_OFF,4030542,4.030542,76667,0.076667,520,61,88,0,0,0,0,108
VQE,36,ON,OFF_ON,4169292,4.169292,62625,0.062625,520,61,88,107,1,107,1,0
VQE,36,OFF,OFF_ON,4106667,4.106667,62625,0.062625,520,61,88,0,0,0,0,108
VQE,37,ON,ON_OFF,4121250,4.12125,123375,0.123375,520,61,88,107,1,107,1,0
VQE,37,OFF,ON_OFF,3997875,3.997875,123375,0.123375,520,61,88,0,0,0,0,108
VQE,38,ON,OFF_ON,4050791,4.050791,15791,0.015791,520,61,88,107,1,107,1,0
VQE,38,OFF,OFF_ON,4035000,4.035,15791,0.015791,520,61,88,0,0,0,0,108
VQE,39,ON,ON_OFF,4280416,4.280416,326124,0.326124,520,61,88,107,1,107,1,0
VQE,39,OFF,ON_OFF,3954292,3.954292,326124,0.326124,520,61,88,0,0,0,0,108
VQE,40,ON,OFF_ON,4168292,4.168292,205875,0.205875,520,61,88,107,1,107,1,0
VQE,40,OFF,OFF_ON,3962417,3.962417,205875,0.205875,520,61,88,0,0,0,0,108
VQE,41,ON,ON_OFF,4072291,4.072291,51250,0.05125,520,61,88,107,1,107,1,0
VQE,41,OFF,ON_OFF,4021041,4.021041,51250,0.05125,520,61,88,0,0,0,0,108
VQE,42,ON,OFF_ON,4070583,4.070583,48542,0.048542,520,61,88,107,1,107,1,0
VQE,42,OFF,OFF_ON,4022041,4.022041,48542,0.048542,520,61,88,0,0,0,0,108
VQE,43,ON,ON_OFF,4064917,4.064917,89375,0.089375,520,61,88,107,1,107,1,0
VQE,43,OFF,ON_OFF,3975542,3.975542,89375,0.089375,520,61,88,0,0,0,0,108
VQE,44,ON,OFF_ON,4127375,4.127375,105083,0.105083,520,61,88,107,1,107,1,0
VQE,44,OFF,OFF_ON,4022292,4.022292,105083,0.105083,520,61,88,0,0,0,0,108
VQE,45,ON,ON_OFF,4151792,4.151792,197500,0.1975,520,61,88,107,1,107,1,0
VQE,45,OFF,ON_OFF,3954292,3.954292,197500,0.1975,520,61,88,0,0,0,0,108
VQE,46,ON,OFF_ON,4118625,4.118625,155958,0.155958,520,61,88,107,1,107,1,0
VQE,46,OFF,OFF_ON,3962667,3.962667,155958,0.155958,520,61,88,0,0,0,0,108
VQE,47,ON,ON_OFF,4008500,4.0085,-39583,-0.039583,520,61,88,107,1,107,1,0
VQE,47,OFF,ON_OFF,4048083,4.048083,-39583,-0.039583,520,61,88,0,0,0,0,108
VQE,48,ON,OFF_ON,4123125,4.123125,108917,0.108917,520,61,88,107,1,107,1,0
VQE,48,OFF,OFF_ON,4014208,4.014208,108917,0.108917,520,61,88,0,0,0,0,108
VQE,49,ON,ON_OFF,4174000,4.174,190750,0.19075,520,61,88,107,1,107,1,0
VQE,49,OFF,ON_OFF,3983250,3.98325,190750,0.19075,520,61,88,0,0,0,0,108
VQE,50,ON,OFF_ON,4078917,4.078917,29917,0.029917,520,61,88,107,1,107,1,0
VQE,50,OFF,OFF_ON,4049000,4.049,29917,0.029917,520,61,88,0,0,0,0,108
VQE,51,ON,ON_OFF,4283375,4.283375,-24522708,-24.522708,520,61,88,107,1,107,1,0
VQE,51,OFF,ON_OFF,28806083,28.806083,-24522708,-24.522708,520,61,88,0,0,0,0,108
VQE,52,ON,OFF_ON,4307417,4.307417,-233416,-0.233416,520,61,88,107,1,107,1,0
VQE,52,OFF,OFF_ON,4540833,4.540833,-233416,-0.233416,520,61,88,0,0,0,0,108
VQE,53,ON,ON_OFF,4333791,4.333791,152958,0.152958,520,61,88,107,1,107,1,0
VQE,53,OFF,ON_OFF,4180833,4.180833,152958,0.152958,520,61,88,0,0,0,0,108
VQE,54,ON,OFF_ON,4403708,4.403708,173874,0.173874,520,61,88,107,1,107,1,0
VQE,54,OFF,OFF_ON,4229834,4.229834,173874,0.173874,520,61,88,0,0,0,0,108
VQE,55,ON,ON_OFF,4347417,4.347417,171001,0.171001,520,61,88,107,1,107,1,0
VQE,55,OFF,ON_OFF,4176416,4.176416,171001,0.171001,520,61,88,0,0,0,0,108
VQE,56,ON,OFF_ON,4388291,4.388291,176541,0.176541,520,61,88,107,1,107,1,0
VQE,56,OFF,OFF_ON,4211750,4.21175,176541,0.176541,520,61,88,0,0,0,0,108
VQE,57,ON,ON_OFF,4241834,4.241834,-16625,-0.016625,520,61,88,107,1,107,1,0
VQE,57,OFF,ON_OFF,4258459,4.258459,-16625,-0.016625,520,61,88,0,0,0,0,108
VQE,58,ON,OFF_ON,4378958,4.378958,224249,0.224249,520,61,88,107,1,107,1,0
VQE,58,OFF,OFF_ON,4154709,4.154709,224249,0.224249,520,61,88,0,0,0,0,108
VQE,59,ON,ON_OFF,4450167,4.450167,289250,0.28925,520,61,88,107,1,107,1,0
VQE,59,OFF,ON_OFF,4160917,4.160917,289250,0.28925,520,61,88,0,0,0,0,108
VQE,60,ON,OFF_ON,4152334,4.152334,-154291,-0.154291,520,61,88,107,1,107,1,0
VQE,60,OFF,OFF_ON,4306625,4.306625,-154291,-0.154291,520,61,88,0,0,0,0,108
VQE,61,ON,ON_OFF,4140333,4.140333,21625,0.021625,520,61,88,107,1,107,1,0
VQE,61,OFF,ON_OFF,4118708,4.118708,21625,0.021625,520,61,88,0,0,0,0,108
VQE,62,ON,OFF_ON,4243833,4.243833,-408209,-0.408209,520,61,88,107,1,107,1,0
VQE,62,OFF,OFF_ON,4652042,4.652042,-408209,-0.408209,520,61,88,0,0,0,0,108
VQE,63,ON,ON_OFF,4291083,4.291083,163041,0.163041,520,61,88,107,1,107,1,0
VQE,63,OFF,ON_OFF,4128042,4.128042,163041,0.163041,520,61,88,0,0,0,0,108
VQE,64,ON,OFF_ON,4170250,4.17025,144125,0.144125,520,61,88,107,1,107,1,0
VQE,64,OFF,OFF_ON,4026125,4.026125,144125,0.144125,520,61,88,0,0,0,0,108
VQE,65,ON,ON_OFF,4646292,4.646292,242625,0.242625,520,61,88,107,1,107,1,0
VQE,65,OFF,ON_OFF,4403667,4.403667,242625,0.242625,520,61,88,0,0,0,0,108
VQE,66,ON,OFF_ON,4442416,4.442416,63166,0.063166,520,61,88,107,1,107,1,0
VQE,66,OFF,OFF_ON,4379250,4.37925,63166,0.063166,520,61,88,0,0,0,0,108
VQE,67,ON,ON_OFF,4370042,4.370042,76209,0.076209,520,61,88,107,1,107,1,0
VQE,67,OFF,ON_OFF,4293833,4.293833,76209,0.076209,520,61,88,0,0,0,0,108
VQE,68,ON,OFF_ON,4172625,4.172625,-5250,-0.00525,520,61,88,107,1,107,1,0
VQE,68,OFF,OFF_ON,4177875,4.177875,-5250,-0.00525,520,61,88,0,0,0,0,108
VQE,69,ON,ON_OFF,4241208,4.241208,221416,0.221416,520,61,88,107,1,107,1,0
VQE,69,OFF,ON_OFF,4019792,4.019792,221416,0.221416,520,61,88,0,0,0,0,108
VQE,70,ON,OFF_ON,4201333,4.201333,137916,0.137916,520,61,88,107,1,107,1,0
VQE,70,OFF,OFF_ON,4063417,4.063417,137916,0.137916,520,61,88,0,0,0,0,108
VQE,71,ON,ON_OFF,4132125,4.132125,-39208,-0.039208,520,61,88,107,1,107,1,0
VQE,71,OFF,ON_OFF,4171333,4.171333,-39208,-0.039208,520,61,88,0,0,0,0,108
VQE,72,ON,OFF_ON,4108875,4.108875,-68625,-0.068625,520,61,88,107,1,107,1,0
VQE,72,OFF,OFF_ON,4177500,4.1775,-68625,-0.068625,520,61,88,0,0,0,0,108
VQE,73,ON,ON_OFF,4249084,4.249084,82209,0.082209,520,61,88,107,1,107,1,0
VQE,73,OFF,ON_OFF,4166875,4.166875,82209,0.082209,520,61,88,0,0,0,0,108
VQE,74,ON,OFF_ON,4492042,4.492042,-496333,-0.496333,520,61,88,107,1,107,1,0
VQE,74,OFF,OFF_ON,4988375,4.988375,-496333,-0.496333,520,61,88,0,0,0,0,108
VQE,75,ON,ON_OFF,4691417,4.691417,425917,0.425917,520,61,88,107,1,107,1,0
VQE,75,OFF,ON_OFF,4265500,4.2655,425917,0.425917,520,61,88,0,0,0,0,108
VQE,76,ON,OFF_ON,4555875,4.555875,518167,0.518167,520,61,88,107,1,107,1,0
VQE,76,OFF,OFF_ON,4037708,4.037708,518167,0.518167,520,61,88,0,0,0,0,108
VQE,77,ON,ON_OFF,4301750,4.30175,233834,0.233834,520,61,88,107,1,107,1,0
VQE,77,OFF,ON_OFF,4067916,4.067916,233834,0.233834,520,61,88,0,0,0,0,108
VQE,78,ON,OFF_ON,4069250,4.06925,-90666,-0.090666,520,61,88,107,1,107,1,0
VQE,78,OFF,OFF_ON,4159916,4.159916,-90666,-0.090666,520,61,88,0,0,0,0,108
VQE,79,ON,ON_OFF,4087625,4.087625,-40125,-0.040125,520,61,88,107,1,107,1,0
VQE,79,OFF,ON_OFF,4127750,4.12775,-40125,-0.040125,520,61,88,0,0,0,0,108
VQE,80,ON,OFF_ON,4125125,4.125125,131750,0.13175,520,61,88,107,1,107,1,0
VQE,80,OFF,OFF_ON,3993375,3.993375,131750,0.13175,520,61,88,0,0,0,0,108
VQE,81,ON,ON_OFF,4241542,4.241542,183167,0.183167,520,61,88,107,1,107,1,0
VQE,81,OFF,ON_OFF,4058375,4.058375,183167,0.183167,520,61,88,0,0,0,0,108
VQE,82,ON,OFF_ON,4181458,4.181458,131708,0.131708,520,61,88,107,1,107,1,0
VQE,82,OFF,OFF_ON,4049750,4.04975,131708,0.131708,520,61,88,0,0,0,0,108
VQE,83,ON,ON_OFF,4183167,4.183167,107208,0.107208,520,61,88,107,1,107,1,0
VQE,83,OFF,ON_OFF,4075959,4.075959,107208,0.107208,520,61,88,0,0,0,0,108
VQE,84,ON,OFF_ON,4157458,4.157458,-41834,-0.041834,520,61,88,107,1,107,1,0
VQE,84,OFF,OFF_ON,4199292,4.199292,-41834,-0.041834,520,61,88,0,0,0,0,108
VQE,85,ON,ON_OFF,4076166,4.076166,17666,0.017666,520,61,88,107,1,107,1,0
VQE,85,OFF,ON_OFF,4058500,4.0585,17666,0.017666,520,61,88,0,0,0,0,108
VQE,86,ON,OFF_ON,4236583,4.236583,233166,0.233166,520,61,88,107,1,107,1,0
VQE,86,OFF,OFF_ON,4003417,4.003417,233166,0.233166,520,61,88,0,0,0,0,108
VQE,87,ON,ON_OFF,4144000,4.144,89625,0.089625,520,61,88,107,1,107,1,0
VQE,87,OFF,ON_OFF,4054375,4.054375,89625,0.089625,520,61,88,0,0,0,0,108
VQE,88,ON,OFF_ON,4147000,4.147,95250,0.09525,520,61,88,107,1,107,1,0
VQE,88,OFF,OFF_ON,4051750,4.05175,95250,0.09525,520,61,88,0,0,0,0,108
VQE,89,ON,ON_OFF,4139375,4.139375,135750,0.13575,520,61,88,107,1,107,1,0
VQE,89,OFF,ON_OFF,4003625,4.003625,135750,0.13575,520,61,88,0,0,0,0,108
VQE,90,ON,OFF_ON,4076334,4.076334,-92583,-0.092583,520,61,88,107,1,107,1,0
VQE,90,OFF,OFF_ON,4168917,4.168917,-92583,-0.092583,520,61,88,0,0,0,0,108
VQE,91,ON,ON_OFF,4129292,4.129292,133792,0.133792,520,61,88,107,1,107,1,0
VQE,91,OFF,ON_OFF,3995500,3.9955,133792,0.133792,520,61,88,0,0,0,0,108
VQE,92,ON,OFF_ON,4239583,4.239583,228166,0.228166,520,61,88,107,1,107,1,0
VQE,92,OFF,OFF_ON,4011417,4.011417,228166,0.228166,520,61,88,0,0,0,0,108
VQE,93,ON,ON_OFF,4239416,4.239416,164166,0.164166,520,61,88,107,1,107,1,0
VQE,93,OFF,ON_OFF,4075250,4.07525,164166,0.164166,520,61,88,0,0,0,0,108
VQE,94,ON,OFF_ON,4132542,4.132542,173000,0.173,520,61,88,107,1,107,1,0
VQE,94,OFF,OFF_ON,3959542,3.959542,173000,0.173,520,61,88,0,0,0,0,108
VQE,95,ON,ON_OFF,4165625,4.165625,230500,0.2305,520,61,88,107,1,107,1,0
VQE,95,OFF,ON_OFF,3935125,3.935125,230500,0.2305,520,61,88,0,0,0,0,108
VQE,96,ON,OFF_ON,4119500,4.1195,80750,0.08075,520,61,88,107,1,107,1,0
VQE,96,OFF,OFF_ON,4038750,4.03875,80750,0.08075,520,61,88,0,0,0,0,108
VQE,97,ON,ON_OFF,4080375,4.080375,118292,0.118292,520,61,88,107,1,107,1,0
VQE,97,OFF,ON_OFF,3962083,3.962083,118292,0.118292,520,61,88,0,0,0,0,108
VQE,98,ON,OFF_ON,4170083,4.170083,168708,0.168708,520,61,88,107,1,107,1,0
VQE,98,OFF,OFF_ON,4001375,4.001375,168708,0.168708,520,61,88,0,0,0,0,108
VQE,99,ON,ON_OFF,4243250,4.24325,100667,0.100667,520,61,88,107,1,107,1,0
VQE,99,OFF,ON_OFF,4142583,4.142583,100667,0.100667,520,61,88,0,0,0,0,108
VQE,100,ON,OFF_ON,4121708,4.121708,-6417,-0.006417,520,61,88,107,1,107,1,0
VQE,100,OFF,OFF_ON,4128125,4.128125,-6417,-0.006417,520,61,88,0,0,0,0,108
VQE,101,ON,ON_OFF,4124542,4.124542,74875,0.074875,520,61,88,107,1,107,1,0
VQE,101,OFF,ON_OFF,4049667,4.049667,74875,0.074875,520,61,88,0,0,0,0,108
VQE,102,ON,OFF_ON,4203292,4.203292,-471166,-0.471166,520,61,88,107,1,107,1,0
VQE,102,OFF,OFF_ON,4674458,4.674458,-471166,-0.471166,520,61,88,0,0,0,0,108
VQE,103,ON,ON_OFF,4147000,4.147,-213458,-0.213458,520,61,88,107,1,107,1,0
VQE,103,OFF,ON_OFF,4360458,4.360458,-213458,-0.213458,520,61,88,0,0,0,0,108
VQE,104,ON,OFF_ON,4072959,4.072959,-116249,-0.116249,520,61,88,107,1,107,1,0
VQE,104,OFF,OFF_ON,4189208,4.189208,-116249,-0.116249,520,61,88,0,0,0,0,108
VQE,105,ON,ON_OFF,4349959,4.349959,353959,0.353959,520,61,88,107,1,107,1,0
VQE,105,OFF,ON_OFF,3996000,3.996,353959,0.353959,520,61,88,0,0,0,0,108
VQE,106,ON,OFF_ON,4190750,4.19075,235250,0.23525,520,61,88,107,1,107,1,0
VQE,106,OFF,OFF_ON,3955500,3.9555,235250,0.23525,520,61,88,0,0,0,0,108
VQE,107,ON,ON_OFF,4090083,4.090083,76291,0.076291,520,61,88,107,1,107,1,0
VQE,107,OFF,ON_OFF,4013792,4.013792,76291,0.076291,520,61,88,0,0,0,0,108
VQE,108,ON,OFF_ON,4173500,4.1735,96125,0.096125,520,61,88,107,1,107,1,0
VQE,108,OFF,OFF_ON,4077375,4.077375,96125,0.096125,520,61,88,0,0,0,0,108
VQE,109,ON,ON_OFF,4046833,4.046833,28292,0.028292,520,61,88,107,1,107,1,0
VQE,109,OFF,ON_OFF,4018541,4.018541,28292,0.028292,520,61,88,0,0,0,0,108
VQE,110,ON,OFF_ON,4089500,4.0895,73708,0.073708,520,61,88,107,1,107,1,0
VQE,110,OFF,OFF_ON,4015792,4.015792,73708,0.073708,520,61,88,0,0,0,0,108
VQE,111,ON,ON_OFF,4145833,4.145833,-18738083,-18.738083,520,61,88,107,1,107,1,0
VQE,111,OFF,ON_OFF,22883916,22.883916,-18738083,-18.738083,520,61,88,0,0,0,0,108
VQE,112,ON,OFF_ON,4162875,4.162875,-13042,-0.013042,520,61,88,107,1,107,1,0
VQE,112,OFF,OFF_ON,4175917,4.175917,-13042,-0.013042,520,61,88,0,0,0,0,108
VQE,113,ON,ON_OFF,4175500,4.1755,51000,0.051,520,61,88,107,1,107,1,0
VQE,113,OFF,ON_OFF,4124500,4.1245,51000,0.051,520,61,88,0,0,0,0,108
VQE,114,ON,OFF_ON,4234667,4.234667,198292,0.198292,520,61,88,107,1,107,1,0
VQE,114,OFF,OFF_ON,4036375,4.036375,198292,0.198292,520,61,88,0,0,0,0,108
VQE,115,ON,ON_OFF,4178709,4.178709,134501,0.134501,520,61,88,107,1,107,1,0
VQE,115,OFF,ON_OFF,4044208,4.044208,134501,0.134501,520,61,88,0,0,0,0,108
VQE,116,ON,OFF_ON,4164500,4.1645,62958,0.062958,520,61,88,107,1,107,1,0
VQE,116,OFF,OFF_ON,4101542,4.101542,62958,0.062958,520,61,88,0,0,0,0,108
VQE,117,ON,ON_OFF,4197375,4.197375,175792,0.175792,520,61,88,107,1,107,1,0
VQE,117,OFF,ON_OFF,4021583,4.021583,175792,0.175792,520,61,88,0,0,0,0,108
VQE,118,ON,OFF_ON,4162000,4.162,100209,0.100209,520,61,88,107,1,107,1,0
VQE,118,OFF,OFF_ON,4061791,4.061791,100209,0.100209,520,61,88,0,0,0,0,108
VQE,119,ON,ON_OFF,4124167,4.124167,67417,0.067417,520,61,88,107,1,107,1,0
VQE,119,OFF,ON_OFF,4056750,4.05675,67417,0.067417,520,61,88,0,0,0,0,108
VQE,120,ON,OFF_ON,4155750,4.15575,-208833,-0.208833,520,61,88,107,1,107,1,0
VQE,120,OFF,OFF_ON,4364583,4.364583,-208833,-0.208833,520,61,88,0,0,0,0,108
VQE,121,ON,ON_OFF,4133875,4.133875,50500,0.0505,520,61,88,107,1,107,1,0
VQE,121,OFF,ON_OFF,4083375,4.083375,50500,0.0505,520,61,88,0,0,0,0,108
VQE,122,ON,OFF_ON,4373042,4.373042,273792,0.273792,520,61,88,107,1,107,1,0
VQE,122,OFF,OFF_ON,4099250,4.09925,273792,0.273792,520,61,88,0,0,0,0,108
VQE,123,ON,ON_OFF,4257125,4.257125,79333,0.079333,520,61,88,107,1,107,1,0
VQE,123,OFF,ON_OFF,4177792,4.177792,79333,0.079333,520,61,88,0,0,0,0,108
VQE,124,ON,OFF_ON,4598625,4.598625,-81833,-0.081833,520,61,88,107,1,107,1,0
VQE,124,OFF,OFF_ON,4680458,4.680458,-81833,-0.081833,520,61,88,0,0,0,0,108
VQE,125,ON,ON_OFF,6085083,6.085083,1480291,1.480291,520,61,88,107,1,107,1,0
VQE,125,OFF,ON_OFF,4604792,4.604792,1480291,1.480291,520,61,88,0,0,0,0,108
VQE,126,ON,OFF_ON,5421750,5.42175,-605209,-0.605209,520,61,88,107,1,107,1,0
VQE,126,OFF,OFF_ON,6026959,6.026959,-605209,-0.605209,520,61,88,0,0,0,0,108
VQE,127,ON,ON_OFF,4541958,4.541958,-135708,-0.135708,520,61,88,107,1,107,1,0
VQE,127,OFF,ON_OFF,4677666,4.677666,-135708,-0.135708,520,61,88,0,0,0,0,108
VQE,128,ON,OFF_ON,4572084,4.572084,124834,0.124834,520,61,88,107,1,107,1,0
VQE,128,OFF,OFF_ON,4447250,4.44725,124834,0.124834,520,61,88,0,0,0,0,108
VQE,129,ON,ON_OFF,4917791,4.917791,352707,0.352707,520,61,88,107,1,107,1,0
VQE,129,OFF,ON_OFF,4565084,4.565084,352707,0.352707,520,61,88,0,0,0,0,108
VQE,130,ON,OFF_ON,4182334,4.182334,33500,0.0335,520,61,88,107,1,107,1,0
VQE,130,OFF,OFF_ON,4148834,4.148834,33500,0.0335,520,61,88,0,0,0,0,108
VQE,131,ON,ON_OFF,4302500,4.3025,-458250,-0.45825,520,61,88,107,1,107,1,0
VQE,131,OFF,ON_OFF,4760750,4.76075,-458250,-0.45825,520,61,88,0,0,0,0,108
VQE,132,ON,OFF_ON,4500917,4.500917,13667,0.013667,520,61,88,107,1,107,1,0
VQE,132,OFF,OFF_ON,4487250,4.48725,13667,0.013667,520,61,88,0,0,0,0,108
VQE,133,ON,ON_OFF,7584041,7.584041,-6082292,-6.082292,520,61,88,107,1,107,1,0
VQE,133,OFF,ON_OFF,13666333,13.666333,-6082292,-6.082292,520,61,88,0,0,0,0,108
VQE,134,ON,OFF_ON,5110625,5.110625,-588042,-0.588042,520,61,88,107,1,107,1,0
VQE,134,OFF,OFF_ON,5698667,5.698667,-588042,-0.588042,520,61,88,0,0,0,0,108
VQE,135,ON,ON_OFF,5279709,5.279709,947126,0.947126,520,61,88,107,1,107,1,0
VQE,135,OFF,ON_OFF,4332583,4.332583,947126,0.947126,520,61,88,0,0,0,0,108
VQE,136,ON,OFF_ON,4156750,4.15675,6375,0.006375,520,61,88,107,1,107,1,0
VQE,136,OFF,OFF_ON,4150375,4.150375,6375,0.006375,520,61,88,0,0,0,0,108
VQE,137,ON,ON_OFF,4360000,4.36,196416,0.196416,520,61,88,107,1,107,1,0
VQE,137,OFF,ON_OFF,4163584,4.163584,196416,0.196416,520,61,88,0,0,0,0,108
VQE,138,ON,OFF_ON,4117833,4.117833,-56417,-0.056417,520,61,88,107,1,107,1,0
VQE,138,OFF,OFF_ON,4174250,4.17425,-56417,-0.056417,520,61,88,0,0,0,0,108
VQE,139,ON,ON_OFF,4178917,4.178917,238750,0.23875,520,61,88,107,1,107,1,0
VQE,139,OFF,ON_OFF,3940167,3.940167,238750,0.23875,520,61,88,0,0,0,0,108
VQE,140,ON,OFF_ON,4194375,4.194375,123083,0.123083,520,61,88,107,1,107,1,0
VQE,140,OFF,OFF_ON,4071292,4.071292,123083,0.123083,520,61,88,0,0,0,0,108
VQE,141,ON,ON_OFF,4231625,4.231625,280208,0.280208,520,61,88,107,1,107,1,0
VQE,141,OFF,ON_OFF,3951417,3.951417,280208,0.280208,520,61,88,0,0,0,0,108
VQE,142,ON,OFF_ON,4141375,4.141375,195125,0.195125,520,61,88,107,1,107,1,0
VQE,142,OFF,OFF_ON,3946250,3.94625,195125,0.195125,520,61,88,0,0,0,0,108
VQE,143,ON,ON_OFF,4369125,4.369125,337083,0.337083,520,61,88,107,1,107,1,0
VQE,143,OFF,ON_OFF,4032042,4.032042,337083,0.337083,520,61,88,0,0,0,0,108
VQE,144,ON,OFF_ON,4039083,4.039083,-48917,-0.048917,520,61,88,107,1,107,1,0
VQE,144,OFF,OFF_ON,4088000,4.088,-48917,-0.048917,520,61,88,0,0,0,0,108
VQE,145,ON,ON_OFF,4053708,4.053708,96541,0.096541,520,61,88,107,1,107,1,0
VQE,145,OFF,ON_OFF,3957167,3.957167,96541,0.096541,520,61,88,0,0,0,0,108
VQE,146,ON,OFF_ON,4119541,4.119541,151625,0.151625,520,61,88,107,1,107,1,0
VQE,146,OFF,OFF_ON,3967916,3.967916,151625,0.151625,520,61,88,0,0,0,0,108
VQE,147,ON,ON_OFF,4158166,4.158166,106707,0.106707,520,61,88,107,1,107,1,0
VQE,147,OFF,ON_OFF,4051459,4.051459,106707,0.106707,520,61,88,0,0,0,0,108
VQE,148,ON,OFF_ON,4081625,4.081625,38625,0.038625,520,61,88,107,1,107,1,0
VQE,148,OFF,OFF_ON,4043000,4.043,38625,0.038625,520,61,88,0,0,0,0,108
VQE,149,ON,ON_OFF,4110875,4.110875,132291,0.132291,520,61,88,107,1,107,1,0
VQE,149,OFF,ON_OFF,3978584,3.978584,132291,0.132291,520,61,88,0,0,0,0,108
VQE,150,ON,OFF_ON,4089083,4.089083,-16667,-0.016667,520,61,88,107,1,107,1,0
VQE,150,OFF,OFF_ON,4105750,4.10575,-16667,-0.016667,520,61,88,0,0,0,0,108
VQE,151,ON,ON_OFF,4143916,4.143916,47874,0.047874,520,61,88,107,1,107,1,0
VQE,151,OFF,ON_OFF,4096042,4.096042,47874,0.047874,520,61,88,0,0,0,0,108
VQE,152,ON,OFF_ON,4174125,4.174125,-242750,-0.24275,520,61,88,107,1,107,1,0
VQE,152,OFF,OFF_ON,4416875,4.416875,-242750,-0.24275,520,61,88,0,0,0,0,108
VQE,153,ON,ON_OFF,4426000,4.426,237625,0.237625,520,61,88,107,1,107,1,0
VQE,153,OFF,ON_OFF,4188375,4.188375,237625,0.237625,520,61,88,0,0,0,0,108
VQE,154,ON,OFF_ON,4310458,4.310458,198667,0.198667,520,61,88,107,1,107,1,0
VQE,154,OFF,OFF_ON,4111791,4.111791,198667,0.198667,520,61,88,0,0,0,0,108
VQE,155,ON,ON_OFF,4163250,4.16325,86459,0.086459,520,61,88,107,1,107,1,0
VQE,155,OFF,ON_OFF,4076791,4.076791,86459,0.086459,520,61,88,0,0,0,0,108
VQE,156,ON,OFF_ON,4213250,4.21325,-83292,-0.083292,520,61,88,107,1,107,1,0
VQE,156,OFF,OFF_ON,4296542,4.296542,-83292,-0.083292,520,61,88,0,0,0,0,108
VQE,157,ON,ON_OFF,5276250,5.27625,909458,0.909458,520,61,88,107,1,107,1,0
VQE,157,OFF,ON_OFF,4366792,4.366792,909458,0.909458,520,61,88,0,0,0,0,108
VQE,158,ON,OFF_ON,5008292,5.008292,798417,0.798417,520,61,88,107,1,107,1,0
VQE,158,OFF,OFF_ON,4209875,4.209875,798417,0.798417,520,61,88,0,0,0,0,108
VQE,159,ON,ON_OFF,4800792,4.800792,464625,0.464625,520,61,88,107,1,107,1,0
VQE,159,OFF,ON_OFF,4336167,4.336167,464625,0.464625,520,61,88,0,0,0,0,108
VQE,160,ON,OFF_ON,4512875,4.512875,-249125,-0.249125,520,61,88,107,1,107,1,0
VQE,160,OFF,OFF_ON,4762000,4.762,-249125,-0.249125,520,61,88,0,0,0,0,108
VQE,161,ON,ON_OFF,4154083,4.154083,-12334,-0.012334,520,61,88,107,1,107,1,0
VQE,161,OFF,ON_OFF,4166417,4.166417,-12334,-0.012334,520,61,88,0,0,0,0,108
VQE,162,ON,OFF_ON,4188833,4.188833,-80375,-0.080375,520,61,88,107,1,107,1,0
VQE,162,OFF,OFF_ON,4269208,4.269208,-80375,-0.080375,520,61,88,0,0,0,0,108
VQE,163,ON,ON_OFF,4166375,4.166375,121166,0.121166,520,61,88,107,1,107,1,0
VQE,163,OFF,ON_OFF,4045209,4.045209,121166,0.121166,520,61,88,0,0,0,0,108
VQE,164,ON,OFF_ON,4467083,4.467083,413333,0.413333,520,61,88,107,1,107,1,0
VQE,164,OFF,OFF_ON,4053750,4.05375,413333,0.413333,520,61,88,0,0,0,0,108
VQE,165,ON,ON_OFF,4617583,4.617583,-1266625,-1.266625,520,61,88,107,1,107,1,0
VQE,165,OFF,ON_OFF,5884208,5.884208,-1266625,-1.266625,520,61,88,0,0,0,0,108
VQE,166,ON,OFF_ON,4603334,4.603334,-142625,-0.142625,520,61,88,107,1,107,1,0
VQE,166,OFF,OFF_ON,4745959,4.745959,-142625,-0.142625,520,61,88,0,0,0,0,108
VQE,167,ON,ON_OFF,4472041,4.472041,249374,0.249374,520,61,88,107,1,107,1,0
VQE,167,OFF,ON_OFF,4222667,4.222667,249374,0.249374,520,61,88,0,0,0,0,108
VQE,168,ON,OFF_ON,4271500,4.2715,-18625,-0.018625,520,61,88,107,1,107,1,0
VQE,168,OFF,OFF_ON,4290125,4.290125,-18625,-0.018625,520,61,88,0,0,0,0,108
VQE,169,ON,ON_OFF,4186834,4.186834,87750,0.08775,520,61,88,107,1,107,1,0
VQE,169,OFF,ON_OFF,4099084,4.099084,87750,0.08775,520,61,88,0,0,0,0,108
VQE,170,ON,OFF_ON,4138875,4.138875,154292,0.154292,520,61,88,107,1,107,1,0
VQE,170,OFF,OFF_ON,3984583,3.984583,154292,0.154292,520,61,88,0,0,0,0,108
VQE,171,ON,ON_OFF,4208709,4.208709,-19152541,-19.152541,520,61,88,107,1,107,1,0
VQE,171,OFF,ON_OFF,23361250,23.36125,-19152541,-19.152541,520,61,88,0,0,0,0,108
VQE,172,ON,OFF_ON,4182125,4.182125,-224083,-0.224083,520,61,88,107,1,107,1,0
VQE,172,OFF,OFF_ON,4406208,4.406208,-224083,-0.224083,520,61,88,0,0,0,0,108
VQE,173,ON,ON_OFF,4175250,4.17525,31125,0.031125,520,61,88,107,1,107,1,0
VQE,173,OFF,ON_OFF,4144125,4.144125,31125,0.031125,520,61,88,0,0,0,0,108
VQE,174,ON,OFF_ON,4338208,4.338208,262250,0.26225,520,61,88,107,1,107,1,0
VQE,174,OFF,OFF_ON,4075958,4.075958,262250,0.26225,520,61,88,0,0,0,0,108
VQE,175,ON,ON_OFF,4169458,4.169458,181458,0.181458,520,61,88,107,1,107,1,0
VQE,175,OFF,ON_OFF,3988000,3.988,181458,0.181458,520,61,88,0,0,0,0,108
VQE,176,ON,OFF_ON,4144583,4.144583,118250,0.11825,520,61,88,107,1,107,1,0
VQE,176,OFF,OFF_ON,4026333,4.026333,118250,0.11825,520,61,88,0,0,0,0,108
VQE,177,ON,ON_OFF,4267292,4.267292,265417,0.265417,520,61,88,107,1,107,1,0
VQE,177,OFF,ON_OFF,4001875,4.001875,265417,0.265417,520,61,88,0,0,0,0,108
VQE,178,ON,OFF_ON,4155958,4.155958,16458,0.016458,520,61,88,107,1,107,1,0
VQE,178,OFF,OFF_ON,4139500,4.1395,16458,0.016458,520,61,88,0,0,0,0,108
VQE,179,ON,ON_OFF,4217000,4.217,175750,0.17575,520,61,88,107,1,107,1,0
VQE,179,OFF,ON_OFF,4041250,4.04125,175750,0.17575,520,61,88,0,0,0,0,108
VQE,180,ON,OFF_ON,4069833,4.069833,-88708,-0.088708,520,61,88,107,1,107,1,0
VQE,180,OFF,OFF_ON,4158541,4.158541,-88708,-0.088708,520,61,88,0,0,0,0,108
VQE,181,ON,ON_OFF,4056625,4.056625,-171333,-0.171333,520,61,88,107,1,107,1,0
VQE,181,OFF,ON_OFF,4227958,4.227958,-171333,-0.171333,520,61,88,0,0,0,0,108
VQE,182,ON,OFF_ON,4202500,4.2025,97875,0.097875,520,61,88,107,1,107,1,0
VQE,182,OFF,OFF_ON,4104625,4.104625,97875,0.097875,520,61,88,0,0,0,0,108
VQE,183,ON,ON_OFF,4300417,4.300417,187250,0.18725,520,61,88,107,1,107,1,0
VQE,183,OFF,ON_OFF,4113167,4.113167,187250,0.18725,520,61,88,0,0,0,0,108
VQE,184,ON,OFF_ON,4168500,4.1685,243166,0.243166,520,61,88,107,1,107,1,0
VQE,184,OFF,OFF_ON,3925334,3.925334,243166,0.243166,520,61,88,0,0,0,0,108
VQE,185,ON,ON_OFF,4081666,4.081666,229375,0.229375,520,61,88,107,1,107,1,0
VQE,185,OFF,ON_OFF,3852291,3.852291,229375,0.229375,520,61,88,0,0,0,0,108
VQE,186,ON,OFF_ON,4215333,4.215333,200708,0.200708,520,61,88,107,1,107,1,0
VQE,186,OFF,OFF_ON,4014625,4.014625,200708,0.200708,520,61,88,0,0,0,0,108
VQE,187,ON,ON_OFF,4196667,4.196667,146625,0.146625,520,61,88,107,1,107,1,0
VQE,187,OFF,ON_OFF,4050042,4.050042,146625,0.146625,520,61,88,0,0,0,0,108
VQE,188,ON,OFF_ON,4172167,4.172167,202709,0.202709,520,61,88,107,1,107,1,0
VQE,188,OFF,OFF_ON,3969458,3.969458,202709,0.202709,520,61,88,0,0,0,0,108
VQE,189,ON,ON_OFF,4240542,4.240542,218709,0.218709,520,61,88,107,1,107,1,0
VQE,189,OFF,ON_OFF,4021833,4.021833,218709,0.218709,520,61,88,0,0,0,0,108
VQE,190,ON,OFF_ON,4147917,4.147917,129334,0.129334,520,61,88,107,1,107,1,0
VQE,190,OFF,OFF_ON,4018583,4.018583,129334,0.129334,520,61,88,0,0,0,0,108
VQE,191,ON,ON_OFF,4178708,4.178708,167833,0.167833,520,61,88,107,1,107,1,0
VQE,191,OFF,ON_OFF,4010875,4.010875,167833,0.167833,520,61,88,0,0,0,0,108
VQE,192,ON,OFF_ON,4183167,4.183167,32542,0.032542,520,61,88,107,1,107,1,0
VQE,192,OFF,OFF_ON,4150625,4.150625,32542,0.032542,520,61,88,0,0,0,0,108
VQE,193,ON,ON_OFF,4151250,4.15125,94875,0.094875,520,61,88,107,1,107,1,0
VQE,193,OFF,ON_OFF,4056375,4.056375,94875,0.094875,520,61,88,0,0,0,0,108
VQE,194,ON,OFF_ON,4080750,4.08075,93666,0.093666,520,61,88,107,1,107,1,0
VQE,194,OFF,OFF_ON,3987084,3.987084,93666,0.093666,520,61,88,0,0,0,0,108
VQE,195,ON,ON_OFF,4235459,4.235459,217168,0.217168,520,61,88,107,1,107,1,0
VQE,195,OFF,ON_OFF,4018291,4.018291,217168,0.217168,520,61,88,0,0,0,0,108
VQE,196,ON,OFF_ON,4129708,4.129708,69833,0.069833,520,61,88,107,1,107,1,0
VQE,196,OFF,OFF_ON,4059875,4.059875,69833,0.069833,520,61,88,0,0,0,0,108
VQE,197,ON,ON_OFF,4088375,4.088375,59041,0.059041,520,61,88,107,1,107,1,0
VQE,197,OFF,ON_OFF,4029334,4.029334,59041,0.059041,520,61,88,0,0,0,0,108
VQE,198,ON,OFF_ON,4108083,4.108083,59833,0.059833,520,61,88,107,1,107,1,0
VQE,198,OFF,OFF_ON,4048250,4.04825,59833,0.059833,520,61,88,0,0,0,0,108
VQE,199,ON,ON_OFF,4153458,4.153458,133833,0.133833,520,61,88,107,1,107,1,0
VQE,199,OFF,ON_OFF,4019625,4.019625,133833,0.133833,520,61,88,0,0,0,0,108
VQE,200,ON,OFF_ON,4199042,4.199042,69375,0.069375,520,61,88,107,1,107,1,0
VQE,200,OFF,OFF_ON,4129667,4.129667,69375,0.069375,520,61,88,0,0,0,0,108
VQE,201,ON,ON_OFF,4300709,4.300709,247043,0.247043,520,61,88,107,1,107,1,0
VQE,201,OFF,ON_OFF,4053666,4.053666,247043,0.247043,520,61,88,0,0,0,0,108
VQE,202,ON,OFF_ON,4432834,4.432834,316667,0.316667,520,61,88,107,1,107,1,0
VQE,202,OFF,OFF_ON,4116167,4.116167,316667,0.316667,520,61,88,0,0,0,0,108
VQE,203,ON,ON_OFF,4189500,4.1895,12083,0.012083,520,61,88,107,1,107,1,0
VQE,203,OFF,ON_OFF,4177417,4.177417,12083,0.012083,520,61,88,0,0,0,0,108
VQE,204,ON,OFF_ON,4192208,4.192208,-131083,-0.131083,520,61,88,107,1,107,1,0
VQE,204,OFF,OFF_ON,4323291,4.323291,-131083,-0.131083,520,61,88,0,0,0,0,108
VQE,205,ON,ON_OFF,4113666,4.113666,-626,-0.000626,520,61,88,107,1,107,1,0
VQE,205,OFF,ON_OFF,4114292,4.114292,-626,-0.000626,520,61,88,0,0,0,0,108
VQE,206,ON,OFF_ON,4278042,4.278042,217959,0.217959,520,61,88,107,1,107,1,0
VQE,206,OFF,OFF_ON,4060083,4.060083,217959,0.217959,520,61,88,0,0,0,0,108
VQE,207,ON,ON_OFF,4295542,4.295542,313042,0.313042,520,61,88,107,1,107,1,0
VQE,207,OFF,ON_OFF,3982500,3.9825,313042,0.313042,520,61,88,0,0,0,0,108
VQE,208,ON,OFF_ON,4311166,4.311166,140416,0.140416,520,61,88,107,1,107,1,0
VQE,208,OFF,OFF_ON,4170750,4.17075,140416,0.140416,520,61,88,0,0,0,0,108
VQE,209,ON,ON_OFF,4835708,4.835708,781000,0.781,520,61,88,107,1,107,1,0
VQE,209,OFF,ON_OFF,4054708,4.054708,781000,0.781,520,61,88,0,0,0,0,108
VQE,210,ON,OFF_ON,4369458,4.369458,149500,0.1495,520,61,88,107,1,107,1,0
VQE,210,OFF,OFF_ON,4219958,4.219958,149500,0.1495,520,61,88,0,0,0,0,108
VQE,211,ON,ON_OFF,4182083,4.182083,65624,0.065624,520,61,88,107,1,107,1,0
VQE,211,OFF,ON_OFF,4116459,4.116459,65624,0.065624,520,61,88,0,0,0,0,108
VQE,212,ON,OFF_ON,4139291,4.139291,32499,0.032499,520,61,88,107,1,107,1,0
VQE,212,OFF,OFF_ON,4106792,4.106792,32499,0.032499,520,61,88,0,0,0,0,108
VQE,213,ON,ON_OFF,4352709,4.352709,258042,0.258042,520,61,88,107,1,107,1,0
VQE,213,OFF,ON_OFF,4094667,4.094667,258042,0.258042,520,61,88,0,0,0,0,108
VQE,214,ON,OFF_ON,4227875,4.227875,171959,0.171959,520,61,88,107,1,107,1,0
VQE,214,OFF,OFF_ON,4055916,4.055916,171959,0.171959,520,61,88,0,0,0,0,108
VQE,215,ON,ON_OFF,4095584,4.095584,-25583,-0.025583,520,61,88,107,1,107,1,0
VQE,215,OFF,ON_OFF,4121167,4.121167,-25583,-0.025583,520,61,88,0,0,0,0,108
VQE,216,ON,OFF_ON,4123084,4.123084,59168,0.059168,520,61,88,107,1,107,1,0
VQE,216,OFF,OFF_ON,4063916,4.063916,59168,0.059168,520,61,88,0,0,0,0,108
VQE,217,ON,ON_OFF,4107500,4.1075,87000,0.087,520,61,88,107,1,107,1,0
VQE,217,OFF,ON_OFF,4020500,4.0205,87000,0.087,520,61,88,0,0,0,0,108
VQE,218,ON,OFF_ON,4088333,4.088333,95166,0.095166,520,61,88,107,1,107,1,0
VQE,218,OFF,OFF_ON,3993167,3.993167,95166,0.095166,520,61,88,0,0,0,0,108
VQE,219,ON,ON_OFF,4217125,4.217125,115375,0.115375,520,61,88,107,1,107,1,0
VQE,219,OFF,ON_OFF,4101750,4.10175,115375,0.115375,520,61,88,0,0,0,0,108
VQE,220,ON,OFF_ON,4228542,4.228542,219167,0.219167,520,61,88,107,1,107,1,0
VQE,220,OFF,OFF_ON,4009375,4.009375,219167,0.219167,520,61,88,0,0,0,0,108
VQE,221,ON,ON_OFF,4166166,4.166166,179666,0.179666,520,61,88,107,1,107,1,0
VQE,221,OFF,ON_OFF,3986500,3.9865,179666,0.179666,520,61,88,0,0,0,0,108
VQE,222,ON,OFF_ON,4185667,4.185667,23084,0.023084,520,61,88,107,1,107,1,0
VQE,222,OFF,OFF_ON,4162583,4.162583,23084,0.023084,520,61,88,0,0,0,0,108
VQE,223,ON,ON_OFF,4270041,4.270041,251125,0.251125,520,61,88,107,1,107,1,0
VQE,223,OFF,ON_OFF,4018916,4.018916,251125,0.251125,520,61,88,0,0,0,0,108
VQE,224,ON,OFF_ON,4129042,4.129042,96292,0.096292,520,61,88,107,1,107,1,0
VQE,224,OFF,OFF_ON,4032750,4.03275,96292,0.096292,520,61,88,0,0,0,0,108
VQE,225,ON,ON_OFF,4367334,4.367334,239417,0.239417,520,61,88,107,1,107,1,0
VQE,225,OFF,ON_OFF,4127917,4.127917,239417,0.239417,520,61,88,0,0,0,0,108
VQE,226,ON,OFF_ON,4133958,4.133958,166666,0.166666,520,61,88,107,1,107,1,0
VQE,226,OFF,OFF_ON,3967292,3.967292,166666,0.166666,520,61,88,0,0,0,0,108
VQE,227,ON,ON_OFF,4106583,4.106583,-45876,-0.045876,520,61,88,107,1,107,1,0
VQE,227,OFF,ON_OFF,4152459,4.152459,-45876,-0.045876,520,61,88,0,0,0,0,108
VQE,228,ON,OFF_ON,4184292,4.184292,-20917,-0.020917,520,61,88,107,1,107,1,0
VQE,228,OFF,OFF_ON,4205209,4.205209,-20917,-0.020917,520,61,88,0,0,0,0,108
VQE,229,ON,ON_OFF,4143667,4.143667,140584,0.140584,520,61,88,107,1,107,1,0
VQE,229,OFF,ON_OFF,4003083,4.003083,140584,0.140584,520,61,88,0,0,0,0,108
VQE,230,ON,OFF_ON,4114958,4.114958,65458,0.065458,520,61,88,107,1,107,1,0
VQE,230,OFF,OFF_ON,4049500,4.0495,65458,0.065458,520,61,88,0,0,0,0,108
VQE,231,ON,ON_OFF,4236875,4.236875,-19300666,-19.300666,520,61,88,107,1,107,1,0
VQE,231,OFF,ON_OFF,23537541,23.537541,-19300666,-19.300666,520,61,88,0,0,0,0,108
VQE,232,ON,OFF_ON,4353250,4.35325,-124250,-0.12425,520,61,88,107,1,107,1,0
VQE,232,OFF,OFF_ON,4477500,4.4775,-124250,-0.12425,520,61,88,0,0,0,0,108
VQE,233,ON,ON_OFF,4461458,4.461458,375083,0.375083,520,61,88,107,1,107,1,0
VQE,233,OFF,ON_OFF,4086375,4.086375,375083,0.375083,520,61,88,0,0,0,0,108
VQE,234,ON,OFF_ON,4109542,4.109542,-75624,-0.075624,520,61,88,107,1,107,1,0
VQE,234,OFF,OFF_ON,4185166,4.185166,-75624,-0.075624,520,61,88,0,0,0,0,108
VQE,235,ON,ON_OFF,4149958,4.149958,45167,0.045167,520,61,88,107,1,107,1,0
VQE,235,OFF,ON_OFF,4104791,4.104791,45167,0.045167,520,61,88,0,0,0,0,108
VQE,236,ON,OFF_ON,4080500,4.0805,67042,0.067042,520,61,88,107,1,107,1,0
VQE,236,OFF,OFF_ON,4013458,4.013458,67042,0.067042,520,61,88,0,0,0,0,108
VQE,237,ON,ON_OFF,4370833,4.370833,333666,0.333666,520,61,88,107,1,107,1,0
VQE,237,OFF,ON_OFF,4037167,4.037167,333666,0.333666,520,61,88,0,0,0,0,108
VQE,238,ON,OFF_ON,4325667,4.325667,325833,0.325833,520,61,88,107,1,107,1,0
VQE,238,OFF,OFF_ON,3999834,3.999834,325833,0.325833,520,61,88,0,0,0,0,108
VQE,239,ON,ON_OFF,4176208,4.176208,-5251,-0.005251,520,61,88,107,1,107,1,0
VQE,239,OFF,ON_OFF,4181459,4.181459,-5251,-0.005251,520,61,88,0,0,0,0,108
VQE,240,ON,OFF_ON,4297875,4.297875,67208,0.067208,520,61,88,107,1,107,1,0
VQE,240,OFF,OFF_ON,4230667,4.230667,67208,0.067208,520,61,88,0,0,0,0,108
VQE,241,ON,ON_OFF,4182959,4.182959,196167,0.196167,520,61,88,107,1,107,1,0
VQE,241,OFF,ON_OFF,3986792,3.986792,196167,0.196167,520,61,88,0,0,0,0,108
VQE,242,ON,OFF_ON,4135667,4.135667,64500,0.0645,520,61,88,107,1,107,1,0
VQE,242,OFF,OFF_ON,4071167,4.071167,64500,0.0645,520,61,88,0,0,0,0,108
VQE,243,ON,ON_OFF,4347959,4.347959,285251,0.285251,520,61,88,107,1,107,1,0
VQE,243,OFF,ON_OFF,4062708,4.062708,285251,0.285251,520,61,88,0,0,0,0,108
VQE,244,ON,OFF_ON,4133083,4.133083,-17750,-0.01775,520,61,88,107,1,107,1,0
VQE,244,OFF,OFF_ON,4150833,4.150833,-17750,-0.01775,520,61,88,0,0,0,0,108
VQE,245,ON,ON_OFF,4176667,4.176667,108667,0.108667,520,61,88,107,1,107,1,0
VQE,245,OFF,ON_OFF,4068000,4.068,108667,0.108667,520,61,88,0,0,0,0,108
VQE,246,ON,OFF_ON,4282750,4.28275,82625,0.082625,520,61,88,107,1,107,1,0
VQE,246,OFF,OFF_ON,4200125,4.200125,82625,0.082625,520,61,88,0,0,0,0,108
VQE,247,ON,ON_OFF,4143500,4.1435,39125,0.039125,520,61,88,107,1,107,1,0
VQE,247,OFF,ON_OFF,4104375,4.104375,39125,0.039125,520,61,88,0,0,0,0,108
VQE,248,ON,OFF_ON,4157042,4.157042,117334,0.117334,520,61,88,107,1,107,1,0
VQE,248,OFF,OFF_ON,4039708,4.039708,117334,0.117334,520,61,88,0,0,0,0,108
VQE,249,ON,ON_OFF,4311167,4.311167,211834,0.211834,520,61,88,107,1,107,1,0
VQE,249,OFF,ON_OFF,4099333,4.099333,211834,0.211834,520,61,88,0,0,0,0,108
VQE,250,ON,OFF_ON,4152708,4.152708,100833,0.100833,520,61,88,107,1,107,1,0
VQE,250,OFF,OFF_ON,4051875,4.051875,100833,0.100833,520,61,88,0,0,0,0,108
VQE,251,ON,ON_OFF,4487000,4.487,324584,0.324584,520,61,88,107,1,107,1,0
VQE,251,OFF,ON_OFF,4162416,4.162416,324584,0.324584,520,61,88,0,0,0,0,108
VQE,252,ON,OFF_ON,4631292,4.631292,289917,0.289917,520,61,88,107,1,107,1,0
VQE,252,OFF,OFF_ON,4341375,4.341375,289917,0.289917,520,61,88,0,0,0,0,108
VQE,253,ON,ON_OFF,4238209,4.238209,177126,0.177126,520,61,88,107,1,107,1,0
VQE,253,OFF,ON_OFF,4061083,4.061083,177126,0.177126,520,61,88,0,0,0,0,108
VQE,254,ON,OFF_ON,4109250,4.10925,-216292,-0.216292,520,61,88,107,1,107,1,0
VQE,254,OFF,OFF_ON,4325542,4.325542,-216292,-0.216292,520,61,88,0,0,0,0,108
VQE,255,ON,ON_OFF,4185209,4.185209,123167,0.123167,520,61,88,107,1,107,1,0
VQE,255,OFF,ON_OFF,4062042,4.062042,123167,0.123167,520,61,88,0,0,0,0,108
VQE,256,ON,OFF_ON,4200500,4.2005,200042,0.200042,520,61,88,107,1,107,1,0
VQE,256,OFF,OFF_ON,4000458,4.000458,200042,0.200042,520,61,88,0,0,0,0,108
VQE,257,ON,ON_OFF,4056375,4.056375,-284292,-0.284292,520,61,88,107,1,107,1,0
VQE,257,OFF,ON_OFF,4340667,4.340667,-284292,-0.284292,520,61,88,0,0,0,0,108
VQE,258,ON,OFF_ON,4197625,4.197625,18042,0.018042,520,61,88,107,1,107,1,0
VQE,258,OFF,OFF_ON,4179583,4.179583,18042,0.018042,520,61,88,0,0,0,0,108
VQE,259,ON,ON_OFF,4195250,4.19525,197667,0.197667,520,61,88,107,1,107,1,0
VQE,259,OFF,ON_OFF,3997583,3.997583,197667,0.197667,520,61,88,0,0,0,0,108
VQE,260,ON,OFF_ON,4174541,4.174541,159458,0.159458,520,61,88,107,1,107,1,0
VQE,260,OFF,OFF_ON,4015083,4.015083,159458,0.159458,520,61,88,0,0,0,0,108
VQE,261,ON,ON_OFF,4161375,4.161375,83292,0.083292,520,61,88,107,1,107,1,0
VQE,261,OFF,ON_OFF,4078083,4.078083,83292,0.083292,520,61,88,0,0,0,0,108
VQE,262,ON,OFF_ON,4166500,4.1665,92875,0.092875,520,61,88,107,1,107,1,0
VQE,262,OFF,OFF_ON,4073625,4.073625,92875,0.092875,520,61,88,0,0,0,0,108
VQE,263,ON,ON_OFF,4154625,4.154625,161916,0.161916,520,61,88,107,1,107,1,0
VQE,263,OFF,ON_OFF,3992709,3.992709,161916,0.161916,520,61,88,0,0,0,0,108
VQE,264,ON,OFF_ON,4087834,4.087834,-89958,-0.089958,520,61,88,107,1,107,1,0
VQE,264,OFF,OFF_ON,4177792,4.177792,-89958,-0.089958,520,61,88,0,0,0,0,108
VQE,265,ON,ON_OFF,4062333,4.062333,93708,0.093708,520,61,88,107,1,107,1,0
VQE,265,OFF,ON_OFF,3968625,3.968625,93708,0.093708,520,61,88,0,0,0,0,108
VQE,266,ON,OFF_ON,4233250,4.23325,312667,0.312667,520,61,88,107,1,107,1,0
VQE,266,OFF,OFF_ON,3920583,3.920583,312667,0.312667,520,61,88,0,0,0,0,108
VQE,267,ON,ON_OFF,4150542,4.150542,137292,0.137292,520,61,88,107,1,107,1,0
VQE,267,OFF,ON_OFF,4013250,4.01325,137292,0.137292,520,61,88,0,0,0,0,108
VQE,268,ON,OFF_ON,4112417,4.112417,172250,0.17225,520,61,88,107,1,107,1,0
VQE,268,OFF,OFF_ON,3940167,3.940167,172250,0.17225,520,61,88,0,0,0,0,108
VQE,269,ON,ON_OFF,4147542,4.147542,83709,0.083709,520,61,88,107,1,107,1,0
VQE,269,OFF,ON_OFF,4063833,4.063833,83709,0.083709,520,61,88,0,0,0,0,108
VQE,270,ON,OFF_ON,4136750,4.13675,18416,0.018416,520,61,88,107,1,107,1,0
VQE,270,OFF,OFF_ON,4118334,4.118334,18416,0.018416,520,61,88,0,0,0,0,108
VQE,271,ON,ON_OFF,4134042,4.134042,140709,0.140709,520,61,88,107,1,107,1,0
VQE,271,OFF,ON_OFF,3993333,3.993333,140709,0.140709,520,61,88,0,0,0,0,108
VQE,272,ON,OFF_ON,4128000,4.128,30666,0.030666,520,61,88,107,1,107,1,0
VQE,272,OFF,OFF_ON,4097334,4.097334,30666,0.030666,520,61,88,0,0,0,0,108
VQE,273,ON,ON_OFF,4178250,4.17825,218375,0.218375,520,61,88,107,1,107,1,0
VQE,273,OFF,ON_OFF,3959875,3.959875,218375,0.218375,520,61,88,0,0,0,0,108
VQE,274,ON,OFF_ON,4078750,4.07875,59833,0.059833,520,61,88,107,1,107,1,0
VQE,274,OFF,OFF_ON,4018917,4.018917,59833,0.059833,520,61,88,0,0,0,0,108
VQE,275,ON,ON_OFF,4058750,4.05875,15833,0.015833,520,61,88,107,1,107,1,0
VQE,275,OFF,ON_OFF,4042917,4.042917,15833,0.015833,520,61,88,0,0,0,0,108
VQE,276,ON,OFF_ON,4100416,4.100416,23249,0.023249,520,61,88,107,1,107,1,0
VQE,276,OFF,OFF_ON,4077167,4.077167,23249,0.023249,520,61,88,0,0,0,0,108
VQE,277,ON,ON_OFF,4047875,4.047875,-12333,-0.012333,520,61,88,107,1,107,1,0
VQE,277,OFF,ON_OFF,4060208,4.060208,-12333,-0.012333,520,61,88,0,0,0,0,108
VQE,278,ON,OFF_ON,4086459,4.086459,64500,0.0645,520,61,88,107,1,107,1,0
VQE,278,OFF,OFF_ON,4021959,4.021959,64500,0.0645,520,61,88,0,0,0,0,108
VQE,279,ON,ON_OFF,4189334,4.189334,98959,0.098959,520,61,88,107,1,107,1,0
VQE,279,OFF,ON_OFF,4090375,4.090375,98959,0.098959,520,61,88,0,0,0,0,108
VQE,280,ON,OFF_ON,4036458,4.036458,49333,0.049333,520,61,88,107,1,107,1,0
VQE,280,OFF,OFF_ON,3987125,3.987125,49333,0.049333,520,61,88,0,0,0,0,108
VQE,281,ON,ON_OFF,4177541,4.177541,231291,0.231291,520,61,88,107,1,107,1,0
VQE,281,OFF,ON_OFF,3946250,3.94625,231291,0.231291,520,61,88,0,0,0,0,108
VQE,282,ON,OFF_ON,4148667,4.148667,122542,0.122542,520,61,88,107,1,107,1,0
VQE,282,OFF,OFF_ON,4026125,4.026125,122542,0.122542,520,61,88,0,0,0,0,108
VQE,283,ON,ON_OFF,4068834,4.068834,105584,0.105584,520,61,88,107,1,107,1,0
VQE,283,OFF,ON_OFF,3963250,3.96325,105584,0.105584,520,61,88,0,0,0,0,108
VQE,284,ON,OFF_ON,4133959,4.133959,99084,0.099084,520,61,88,107,1,107,1,0
VQE,284,OFF,OFF_ON,4034875,4.034875,99084,0.099084,520,61,88,0,0,0,0,108
VQE,285,ON,ON_OFF,4180000,4.18,157292,0.157292,520,61,88,107,1,107,1,0
VQE,285,OFF,ON_OFF,4022708,4.022708,157292,0.157292,520,61,88,0,0,0,0,108
VQE,286,ON,OFF_ON,4107166,4.107166,161000,0.161,520,61,88,107,1,107,1,0
VQE,286,OFF,OFF_ON,3946166,3.946166,161000,0.161,520,61,88,0,0,0,0,108
VQE,287,ON,ON_OFF,4072083,4.072083,20374,0.020374,520,61,88,107,1,107,1,0
VQE,287,OFF,ON_OFF,4051709,4.051709,20374,0.020374,520,61,88,0,0,0,0,108
VQE,288,ON,OFF_ON,4106333,4.106333,-38667,-0.038667,520,61,88,107,1,107,1,0
VQE,288,OFF,OFF_ON,4145000,4.145,-38667,-0.038667,520,61,88,0,0,0,0,108
VQE,289,ON,ON_OFF,4124333,4.124333,98041,0.098041,520,61,88,107,1,107,1,0
VQE,289,OFF,ON_OFF,4026292,4.026292,98041,0.098041,520,61,88,0,0,0,0,108
VQE,290,ON,OFF_ON,4122375,4.122375,100333,0.100333,520,61,88,107,1,107,1,0
VQE,290,OFF,OFF_ON,4022042,4.022042,100333,0.100333,520,61,88,0,0,0,0,108
VQE,291,ON,ON_OFF,4144292,4.144292,-19470166,-19.470166,520,61,88,107,1,107,1,0
VQE,291,OFF,ON_OFF,23614458,23.614458,-19470166,-19.470166,520,61,88,0,0,0,0,108
VQE,292,ON,OFF_ON,4350250,4.35025,-205041,-0.205041,520,61,88,107,1,107,1,0
VQE,292,OFF,OFF_ON,4555291,4.555291,-205041,-0.205041,520,61,88,0,0,0,0,108
VQE,293,ON,ON_OFF,4221542,4.221542,89292,0.089292,520,61,88,107,1,107,1,0
VQE,293,OFF,ON_OFF,4132250,4.13225,89292,0.089292,520,61,88,0,0,0,0,108
VQE,294,ON,OFF_ON,4146708,4.146708,-109917,-0.109917,520,61,88,107,1,107,1,0
VQE,294,OFF,OFF_ON,4256625,4.256625,-109917,-0.109917,520,61,88,0,0,0,0,108
VQE,295,ON,ON_OFF,4096125,4.096125,10375,0.010375,520,61,88,107,1,107,1,0
VQE,295,OFF,ON_OFF,4085750,4.08575,10375,0.010375,520,61,88,0,0,0,0,108
VQE,296,ON,OFF_ON,4111500,4.1115,89875,0.089875,520,61,88,107,1,107,1,0
VQE,296,OFF,OFF_ON,4021625,4.021625,89875,0.089875,520,61,88,0,0,0,0,108
VQE,297,ON,ON_OFF,4215917,4.215917,279292,0.279292,520,61,88,107,1,107,1,0
VQE,297,OFF,ON_OFF,3936625,3.936625,279292,0.279292,520,61,88,0,0,0,0,108
VQE,298,ON,OFF_ON,4048750,4.04875,89875,0.089875,520,61,88,107,1,107,1,0
VQE,298,OFF,OFF_ON,3958875,3.958875,89875,0.089875,520,61,88,0,0,0,0,108
VQE,299,ON,ON_OFF,4059917,4.059917,29625,0.029625,520,61,88,107,1,107,1,0
VQE,299,OFF,ON_OFF,4030292,4.030292,29625,0.029625,520,61,88,0,0,0,0,108
VQE,300,ON,OFF_ON,4155875,4.155875,24959,0.024959,520,61,88,107,1,107,1,0
VQE,300,OFF,OFF_ON,4130916,4.130916,24959,0.024959,520,61,88,0,0,0,0,108
VQE,301,ON,ON_OFF,4260167,4.260167,-96750,-0.09675,520,61,88,107,1,107,1,0
VQE,301,OFF,ON_OFF,4356917,4.356917,-96750,-0.09675,520,61,88,0,0,0,0,108
VQE,302,ON,OFF_ON,4279459,4.279459,126709,0.126709,520,61,88,107,1,107,1,0
VQE,302,OFF,OFF_ON,4152750,4.15275,126709,0.126709,520,61,88,0,0,0,0,108
VQE,303,ON,ON_OFF,4661333,4.661333,615042,0.615042,520,61,88,107,1,107,1,0
VQE,303,OFF,ON_OFF,4046291,4.046291,615042,0.615042,520,61,88,0,0,0,0,108
VQE,304,ON,OFF_ON,4212916,4.212916,169958,0.169958,520,61,88,107,1,107,1,0
VQE,304,OFF,OFF_ON,4042958,4.042958,169958,0.169958,520,61,88,0,0,0,0,108
VQE,305,ON,ON_OFF,4442916,4.442916,307874,0.307874,520,61,88,107,1,107,1,0
VQE,305,OFF,ON_OFF,4135042,4.135042,307874,0.307874,520,61,88,0,0,0,0,108
VQE,306,ON,OFF_ON,4154042,4.154042,22876,0.022876,520,61,88,107,1,107,1,0
VQE,306,OFF,OFF_ON,4131166,4.131166,22876,0.022876,520,61,88,0,0,0,0,108
VQE,307,ON,ON_OFF,4263583,4.263583,213833,0.213833,520,61,88,107,1,107,1,0
VQE,307,OFF,ON_OFF,4049750,4.04975,213833,0.213833,520,61,88,0,0,0,0,108
VQE,308,ON,OFF_ON,4248792,4.248792,141500,0.1415,520,61,88,107,1,107,1,0
VQE,308,OFF,OFF_ON,4107292,4.107292,141500,0.1415,520,61,88,0,0,0,0,108
VQE,309,ON,ON_OFF,4282375,4.282375,85500,0.0855,520,61,88,107,1,107,1,0
VQE,309,OFF,ON_OFF,4196875,4.196875,85500,0.0855,520,61,88,0,0,0,0,108
VQE,310,ON,OFF_ON,4094250,4.09425,47250,0.04725,520,61,88,107,1,107,1,0
VQE,310,OFF,OFF_ON,4047000,4.047,47250,0.04725,520,61,88,0,0,0,0,108
VQE,311,ON,ON_OFF,4196041,4.196041,126332,0.126332,520,61,88,107,1,107,1,0
VQE,311,OFF,ON_OFF,4069709,4.069709,126332,0.126332,520,61,88,0,0,0,0,108
VQE,312,ON,OFF_ON,4021416,4.021416,-124584,-0.124584,520,61,88,107,1,107,1,0
VQE,312,OFF,OFF_ON,4146000,4.146,-124584,-0.124584,520,61,88,0,0,0,0,108
VQE,313,ON,ON_OFF,4113833,4.113833,43833,0.043833,520,61,88,107,1,107,1,0
VQE,313,OFF,ON_OFF,4070000,4.07,43833,0.043833,520,61,88,0,0,0,0,108
VQE,314,ON,OFF_ON,4198250,4.19825,245584,0.245584,520,61,88,107,1,107,1,0
VQE,314,OFF,OFF_ON,3952666,3.952666,245584,0.245584,520,61,88,0,0,0,0,108
VQE,315,ON,ON_OFF,4223875,4.223875,278750,0.27875,520,61,88,107,1,107,1,0
VQE,315,OFF,ON_OFF,3945125,3.945125,278750,0.27875,520,61,88,0,0,0,0,108
VQE,316,ON,OFF_ON,4105459,4.105459,119917,0.119917,520,61,88,107,1,107,1,0
VQE,316,OFF,OFF_ON,3985542,3.985542,119917,0.119917,520,61,88,0,0,0,0,108
VQE,317,ON,ON_OFF,4051708,4.051708,76624,0.076624,520,61,88,107,1,107,1,0
VQE,317,OFF,ON_OFF,3975084,3.975084,76624,0.076624,520,61,88,0,0,0,0,108
VQE,318,ON,OFF_ON,4200875,4.200875,114584,0.114584,520,61,88,107,1,107,1,0
VQE,318,OFF,OFF_ON,4086291,4.086291,114584,0.114584,520,61,88,0,0,0,0,108
VQE,319,ON,ON_OFF,4075375,4.075375,29709,0.029709,520,61,88,107,1,107,1,0
VQE,319,OFF,ON_OFF,4045666,4.045666,29709,0.029709,520,61,88,0,0,0,0,108
VQE,320,ON,OFF_ON,4102375,4.102375,107625,0.107625,520,61,88,107,1,107,1,0
VQE,320,OFF,OFF_ON,3994750,3.99475,107625,0.107625,520,61,88,0,0,0,0,108
VQE,321,ON,ON_OFF,4240333,4.240333,255458,0.255458,520,61,88,107,1,107,1,0
VQE,321,OFF,ON_OFF,3984875,3.984875,255458,0.255458,520,61,88,0,0,0,0,108
VQE,322,ON,OFF_ON,4087209,4.087209,108501,0.108501,520,61,88,107,1,107,1,0
VQE,322,OFF,OFF_ON,3978708,3.978708,108501,0.108501,520,61,88,0,0,0,0,108
VQE,323,ON,ON_OFF,4149958,4.149958,202625,0.202625,520,61,88,107,1,107,1,0
VQE,323,OFF,ON_OFF,3947333,3.947333,202625,0.202625,520,61,88,0,0,0,0,108
VQE,324,ON,OFF_ON,4184209,4.184209,184001,0.184001,520,61,88,107,1,107,1,0
VQE,324,OFF,OFF_ON,4000208,4.000208,184001,0.184001,520,61,88,0,0,0,0,108
VQE,325,ON,ON_OFF,4067459,4.067459,111209,0.111209,520,61,88,107,1,107,1,0
VQE,325,OFF,ON_OFF,3956250,3.95625,111209,0.111209,520,61,88,0,0,0,0,108
VQE,326,ON,OFF_ON,4205666,4.205666,174541,0.174541,520,61,88,107,1,107,1,0
VQE,326,OFF,OFF_ON,4031125,4.031125,174541,0.174541,520,61,88,0,0,0,0,108
VQE,327,ON,ON_OFF,4247125,4.247125,200042,0.200042,520,61,88,107,1,107,1,0
VQE,327,OFF,ON_OFF,4047083,4.047083,200042,0.200042,520,61,88,0,0,0,0,108
VQE,328,ON,OFF_ON,4129917,4.129917,93084,0.093084,520,61,88,107,1,107,1,0
VQE,328,OFF,OFF_ON,4036833,4.036833,93084,0.093084,520,61,88,0,0,0,0,108
VQE,329,ON,ON_OFF,4056042,4.056042,86667,0.086667,520,61,88,107,1,107,1,0
VQE,329,OFF,ON_OFF,3969375,3.969375,86667,0.086667,520,61,88,0,0,0,0,108
VQE,330,ON,OFF_ON,4111334,4.111334,-84916,-0.084916,520,61,88,107,1,107,1,0
VQE,330,OFF,OFF_ON,4196250,4.19625,-84916,-0.084916,520,61,88,0,0,0,0,108
VQE,331,ON,ON_OFF,4154208,4.154208,34166,0.034166,520,61,88,107,1,107,1,0
VQE,331,OFF,ON_OFF,4120042,4.120042,34166,0.034166,520,61,88,0,0,0,0,108
VQE,332,ON,OFF_ON,4053250,4.05325,13125,0.013125,520,61,88,107,1,107,1,0
VQE,332,OFF,OFF_ON,4040125,4.040125,13125,0.013125,520,61,88,0,0,0,0,108
VQE,333,ON,ON_OFF,4204709,4.204709,82125,0.082125,520,61,88,107,1,107,1,0
VQE,333,OFF,ON_OFF,4122584,4.122584,82125,0.082125,520,61,88,0,0,0,0,108
VQE,334,ON,OFF_ON,4165417,4.165417,194458,0.194458,520,61,88,107,1,107,1,0
VQE,334,OFF,OFF_ON,3970959,3.970959,194458,0.194458,520,61,88,0,0,0,0,108
VQE,335,ON,ON_OFF,4186584,4.186584,131334,0.131334,520,61,88,107,1,107,1,0
VQE,335,OFF,ON_OFF,4055250,4.05525,131334,0.131334,520,61,88,0,0,0,0,108
VQE,336,ON,OFF_ON,4100500,4.1005,36750,0.03675,520,61,88,107,1,107,1,0
VQE,336,OFF,OFF_ON,4063750,4.06375,36750,0.03675,520,61,88,0,0,0,0,108
VQE,337,ON,ON_OFF,4194000,4.194,244083,0.244083,520,61,88,107,1,107,1,0
VQE,337,OFF,ON_OFF,3949917,3.949917,244083,0.244083,520,61,88,0,0,0,0,108
VQE,338,ON,OFF_ON,4145250,4.14525,111250,0.11125,520,61,88,107,1,107,1,0
VQE,338,OFF,OFF_ON,4034000,4.034,111250,0.11125,520,61,88,0,0,0,0,108
VQE,339,ON,ON_OFF,4122459,4.122459,131584,0.131584,520,61,88,107,1,107,1,0
VQE,339,OFF,ON_OFF,3990875,3.990875,131584,0.131584,520,61,88,0,0,0,0,108
VQE,340,ON,OFF_ON,4183125,4.183125,-66375,-0.066375,520,61,88,107,1,107,1,0
VQE,340,OFF,OFF_ON,4249500,4.2495,-66375,-0.066375,520,61,88,0,0,0,0,108
VQE,341,ON,ON_OFF,4095459,4.095459,43417,0.043417,520,61,88,107,1,107,1,0
VQE,341,OFF,ON_OFF,4052042,4.052042,43417,0.043417,520,61,88,0,0,0,0,108
VQE,342,ON,OFF_ON,4085000,4.085,6209,0.006209,520,61,88,107,1,107,1,0
VQE,342,OFF,OFF_ON,4078791,4.078791,6209,0.006209,520,61,88,0,0,0,0,108
VQE,343,ON,ON_OFF,4124625,4.124625,87667,0.087667,520,61,88,107,1,107,1,0
VQE,343,OFF,ON_OFF,4036958,4.036958,87667,0.087667,520,61,88,0,0,0,0,108
VQE,344,ON,OFF_ON,4077083,4.077083,51625,0.051625,520,61,88,107,1,107,1,0
VQE,344,OFF,OFF_ON,4025458,4.025458,51625,0.051625,520,61,88,0,0,0,0,108
VQE,345,ON,ON_OFF,4179833,4.179833,106875,0.106875,520,61,88,107,1,107,1,0
VQE,345,OFF,ON_OFF,4072958,4.072958,106875,0.106875,520,61,88,0,0,0,0,108
VQE,346,ON,OFF_ON,4112250,4.11225,65750,0.06575,520,61,88,107,1,107,1,0
VQE,346,OFF,OFF_ON,4046500,4.0465,65750,0.06575,520,61,88,0,0,0,0,108
VQE,347,ON,ON_OFF,4090833,4.090833,20375,0.020375,520,61,88,107,1,107,1,0
VQE,347,OFF,ON_OFF,4070458,4.070458,20375,0.020375,520,61,88,0,0,0,0,108
VQE,348,ON,OFF_ON,4068334,4.068334,-6333,-0.006333,520,61,88,107,1,107,1,0
VQE,348,OFF,OFF_ON,4074667,4.074667,-6333,-0.006333,520,61,88,0,0,0,0,108
VQE,349,ON,ON_OFF,4152167,4.152167,218751,0.218751,520,61,88,107,1,107,1,0
VQE,349,OFF,ON_OFF,3933416,3.933416,218751,0.218751,520,61,88,0,0,0,0,108
VQE,350,ON,OFF_ON,4087292,4.087292,54375,0.054375,520,61,88,107,1,107,1,0
VQE,350,OFF,OFF_ON,4032917,4.032917,54375,0.054375,520,61,88,0,0,0,0,108
VQE,351,ON,ON_OFF,4229291,4.229291,-20110792,-20.110792,520,61,88,107,1,107,1,0
VQE,351,OFF,ON_OFF,24340083,24.340083,-20110792,-20.110792,520,61,88,0,0,0,0,108
VQE,352,ON,OFF_ON,4304625,4.304625,-137166,-0.137166,520,61,88,107,1,107,1,0
VQE,352,OFF,OFF_ON,4441791,4.441791,-137166,-0.137166,520,61,88,0,0,0,0,108
VQE,353,ON,ON_OFF,4140333,4.140333,27291,0.027291,520,61,88,107,1,107,1,0
VQE,353,OFF,ON_OFF,4113042,4.113042,27291,0.027291,520,61,88,0,0,0,0,108
VQE,354,ON,OFF_ON,4252291,4.252291,157750,0.15775,520,61,88,107,1,107,1,0
VQE,354,OFF,OFF_ON,4094541,4.094541,157750,0.15775,520,61,88,0,0,0,0,108
VQE,355,ON,ON_OFF,4147625,4.147625,173208,0.173208,520,61,88,107,1,107,1,0
VQE,355,OFF,ON_OFF,3974417,3.974417,173208,0.173208,520,61,88,0,0,0,0,108
VQE,356,ON,OFF_ON,4129917,4.129917,-28375,-0.028375,520,61,88,107,1,107,1,0
VQE,356,OFF,OFF_ON,4158292,4.158292,-28375,-0.028375,520,61,88,0,0,0,0,108
VQE,357,ON,ON_OFF,4163500,4.1635,198459,0.198459,520,61,88,107,1,107,1,0
VQE,357,OFF,ON_OFF,3965041,3.965041,198459,0.198459,520,61,88,0,0,0,0,108
VQE,358,ON,OFF_ON,4177333,4.177333,195666,0.195666,520,61,88,107,1,107,1,0
VQE,358,OFF,OFF_ON,3981667,3.981667,195666,0.195666,520,61,88,0,0,0,0,108
VQE,359,ON,ON_OFF,4018708,4.018708,-57875,-0.057875,520,61,88,107,1,107,1,0
VQE,359,OFF,ON_OFF,4076583,4.076583,-57875,-0.057875,520,61,88,0,0,0,0,108
VQE,360,ON,OFF_ON,4049417,4.049417,-916,-0.000916,520,61,88,107,1,107,1,0
VQE,360,OFF,OFF_ON,4050333,4.050333,-916,-0.000916,520,61,88,0,0,0,0,108
VQE,361,ON,ON_OFF,4064708,4.064708,59583,0.059583,520,61,88,107,1,107,1,0
VQE,361,OFF,ON_OFF,4005125,4.005125,59583,0.059583,520,61,88,0,0,0,0,108
VQE,362,ON,OFF_ON,4120917,4.120917,-19374,-0.019374,520,61,88,107,1,107,1,0
VQE,362,OFF,OFF_ON,4140291,4.140291,-19374,-0.019374,520,61,88,0,0,0,0,108
VQE,363,ON,ON_OFF,4273500,4.2735,198333,0.198333,520,61,88,107,1,107,1,0
VQE,363,OFF,ON_OFF,4075167,4.075167,198333,0.198333,520,61,88,0,0,0,0,108
VQE,364,ON,OFF_ON,4165958,4.165958,120791,0.120791,520,61,88,107,1,107,1,0
VQE,364,OFF,OFF_ON,4045167,4.045167,120791,0.120791,520,61,88,0,0,0,0,108
VQE,365,ON,ON_OFF,4115292,4.115292,93917,0.093917,520,61,88,107,1,107,1,0
VQE,365,OFF,ON_OFF,4021375,4.021375,93917,0.093917,520,61,88,0,0,0,0,108
VQE,366,ON,OFF_ON,4201167,4.201167,128125,0.128125,520,61,88,107,1,107,1,0
VQE,366,OFF,OFF_ON,4073042,4.073042,128125,0.128125,520,61,88,0,0,0,0,108
VQE,367,ON,ON_OFF,4232583,4.232583,229749,0.229749,520,61,88,107,1,107,1,0
VQE,367,OFF,ON_OFF,4002834,4.002834,229749,0.229749,520,61,88,0,0,0,0,108
VQE,368,ON,OFF_ON,4182209,4.182209,205459,0.205459,520,61,88,107,1,107,1,0
VQE,368,OFF,OFF_ON,3976750,3.97675,205459,0.205459,520,61,88,0,0,0,0,108
VQE,369,ON,ON_OFF,4119083,4.119083,21583,0.021583,520,61,88,107,1,107,1,0
VQE,369,OFF,ON_OFF,4097500,4.0975,21583,0.021583,520,61,88,0,0,0,0,108
VQE,370,ON,OFF_ON,4134250,4.13425,193708,0.193708,520,61,88,107,1,107,1,0
VQE,370,OFF,OFF_ON,3940542,3.940542,193708,0.193708,520,61,88,0,0,0,0,108
VQE,371,ON,ON_OFF,4051541,4.051541,116499,0.116499,520,61,88,107,1,107,1,0
VQE,371,OFF,ON_OFF,3935042,3.935042,116499,0.116499,520,61,88,0,0,0,0,108
VQE,372,ON,OFF_ON,4100417,4.100417,-68958,-0.068958,520,61,88,107,1,107,1,0
VQE,372,OFF,OFF_ON,4169375,4.169375,-68958,-0.068958,520,61,88,0,0,0,0,108
VQE,373,ON,ON_OFF,4045125,4.045125,-84,-8.4e-05,520,61,88,107,1,107,1,0
VQE,373,OFF,ON_OFF,4045209,4.045209,-84,-8.4e-05,520,61,88,0,0,0,0,108
VQE,374,ON,OFF_ON,4088792,4.088792,72001,0.072001,520,61,88,107,1,107,1,0
VQE,374,OFF,OFF_ON,4016791,4.016791,72001,0.072001,520,61,88,0,0,0,0,108
VQE,375,ON,ON_OFF,4182958,4.182958,130000,0.13,520,61,88,107,1,107,1,0
VQE,375,OFF,ON_OFF,4052958,4.052958,130000,0.13,520,61,88,0,0,0,0,108
VQE,376,ON,OFF_ON,4121167,4.121167,207501,0.207501,520,61,88,107,1,107,1,0
VQE,376,OFF,OFF_ON,3913666,3.913666,207501,0.207501,520,61,88,0,0,0,0,108
VQE,377,ON,ON_OFF,4107292,4.107292,124167,0.124167,520,61,88,107,1,107,1,0
VQE,377,OFF,ON_OFF,3983125,3.983125,124167,0.124167,520,61,88,0,0,0,0,108
VQE,378,ON,OFF_ON,4206959,4.206959,157334,0.157334,520,61,88,107,1,107,1,0
VQE,378,OFF,OFF_ON,4049625,4.049625,157334,0.157334,520,61,88,0,0,0,0,108
VQE,379,ON,ON_OFF,4043709,4.043709,72584,0.072584,520,61,88,107,1,107,1,0
VQE,379,OFF,ON_OFF,3971125,3.971125,72584,0.072584,520,61,88,0,0,0,0,108
VQE,380,ON,OFF_ON,4026584,4.026584,-33166,-0.033166,520,61,88,107,1,107,1,0
VQE,380,OFF,OFF_ON,4059750,4.05975,-33166,-0.033166,520,61,88,0,0,0,0,108
VQE,381,ON,ON_OFF,4116541,4.116541,170999,0.170999,520,61,88,107,1,107,1,0
VQE,381,OFF,ON_OFF,3945542,3.945542,170999,0.170999,520,61,88,0,0,0,0,108
VQE,382,ON,OFF_ON,4118625,4.118625,113875,0.113875,520,61,88,107,1,107,1,0
VQE,382,OFF,OFF_ON,4004750,4.00475,113875,0.113875,520,61,88,0,0,0,0,108
VQE,383,ON,ON_OFF,4216084,4.216084,220584,0.220584,520,61,88,107,1,107,1,0
VQE,383,OFF,ON_OFF,3995500,3.9955,220584,0.220584,520,61,88,0,0,0,0,108
VQE,384,ON,OFF_ON,4213375,4.213375,135875,0.135875,520,61,88,107,1,107,1,0
VQE,384,OFF,OFF_ON,4077500,4.0775,135875,0.135875,520,61,88,0,0,0,0,108
VQE,385,ON,ON_OFF,4043792,4.043792,129542,0.129542,520,61,88,107,1,107,1,0
VQE,385,OFF,ON_OFF,3914250,3.91425,129542,0.129542,520,61,88,0,0,0,0,108
VQE,386,ON,OFF_ON,4028209,4.028209,-25208,-0.025208,520,61,88,107,1,107,1,0
VQE,386,OFF,OFF_ON,4053417,4.053417,-25208,-0.025208,520,61,88,0,0,0,0,108
VQE,387,ON,ON_OFF,4095208,4.095208,93917,0.093917,520,61,88,107,1,107,1,0
VQE,387,OFF,ON_OFF,4001291,4.001291,93917,0.093917,520,61,88,0,0,0,0,108
VQE,388,ON,OFF_ON,4037916,4.037916,31500,0.0315,520,61,88,107,1,107,1,0
VQE,388,OFF,OFF_ON,4006416,4.006416,31500,0.0315,520,61,88,0,0,0,0,108
VQE,389,ON,ON_OFF,4139875,4.139875,128292,0.128292,520,61,88,107,1,107,1,0
VQE,389,OFF,ON_OFF,4011583,4.011583,128292,0.128292,520,61,88,0,0,0,0,108
VQE,390,ON,OFF_ON,4122083,4.122083,44958,0.044958,520,61,88,107,1,107,1,0
VQE,390,OFF,OFF_ON,4077125,4.077125,44958,0.044958,520,61,88,0,0,0,0,108
VQE,391,ON,ON_OFF,4180416,4.180416,231874,0.231874,520,61,88,107,1,107,1,0
VQE,391,OFF,ON_OFF,3948542,3.948542,231874,0.231874,520,61,88,0,0,0,0,108
VQE,392,ON,OFF_ON,4081709,4.081709,79667,0.079667,520,61,88,107,1,107,1,0
VQE,392,OFF,OFF_ON,4002042,4.002042,79667,0.079667,520,61,88,0,0,0,0,108
VQE,393,ON,ON_OFF,4149000,4.149,163125,0.163125,520,61,88,107,1,107,1,0
VQE,393,OFF,ON_OFF,3985875,3.985875,163125,0.163125,520,61,88,0,0,0,0,108
VQE,394,ON,OFF_ON,4170833,4.170833,203458,0.203458,520,61,88,107,1,107,1,0
VQE,394,OFF,OFF_ON,3967375,3.967375,203458,0.203458,520,61,88,0,0,0,0,108
VQE,395,ON,ON_OFF,4390500,4.3905,141500,0.1415,520,61,88,107,1,107,1,0
VQE,395,OFF,ON_OFF,4249000,4.249,141500,0.1415,520,61,88,0,0,0,0,108
VQE,396,ON,OFF_ON,4318708,4.318708,-24251,-0.024251,520,61,88,107,1,107,1,0
VQE,396,OFF,OFF_ON,4342959,4.342959,-24251,-0.024251,520,61,88,0,0,0,0,108
VQE,397,ON,ON_OFF,4248583,4.248583,135333,0.135333,520,61,88,107,1,107,1,0
VQE,397,OFF,ON_OFF,4113250,4.11325,135333,0.135333,520,61,88,0,0,0,0,108
VQE,398,ON,OFF_ON,4151792,4.151792,123375,0.123375,520,61,88,107,1,107,1,0
VQE,398,OFF,OFF_ON,4028417,4.028417,123375,0.123375,520,61,88,0,0,0,0,108
VQE,399,ON,ON_OFF,4291375,4.291375,219833,0.219833,520,61,88,107,1,107,1,0
VQE,399,OFF,ON_OFF,4071542,4.071542,219833,0.219833,520,61,88,0,0,0,0,108
VQE,400,ON,OFF_ON,4125833,4.125833,27499,0.027499,520,61,88,107,1,107,1,0
VQE,400,OFF,OFF_ON,4098334,4.098334,27499,0.027499,520,61,88,0,0,0,0,108
VQE,401,ON,ON_OFF,4380709,4.380709,105792,0.105792,520,61,88,107,1,107,1,0
VQE,401,OFF,ON_OFF,4274917,4.274917,105792,0.105792,520,61,88,0,0,0,0,108
VQE,402,ON,OFF_ON,4081042,4.081042,-54375,-0.054375,520,61,88,107,1,107,1,0
VQE,402,OFF,OFF_ON,4135417,4.135417,-54375,-0.054375,520,61,88,0,0,0,0,108
VQE,403,ON,ON_OFF,4755208,4.755208,674374,0.674374,520,61,88,107,1,107,1,0
VQE,403,OFF,ON_OFF,4080834,4.080834,674374,0.674374,520,61,88,0,0,0,0,108
VQE,404,ON,OFF_ON,4507041,4.507041,436332,0.436332,520,61,88,107,1,107,1,0
VQE,404,OFF,OFF_ON,4070709,4.070709,436332,0.436332,520,61,88,0,0,0,0,108
VQE,405,ON,ON_OFF,4248458,4.248458,167999,0.167999,520,61,88,107,1,107,1,0
VQE,405,OFF,ON_OFF,4080459,4.080459,167999,0.167999,520,61,88,0,0,0,0,108
VQE,406,ON,OFF_ON,4259500,4.2595,269041,0.269041,520,61,88,107,1,107,1,0
VQE,406,OFF,OFF_ON,3990459,3.990459,269041,0.269041,520,61,88,0,0,0,0,108
VQE,407,ON,ON_OFF,4089500,4.0895,43958,0.043958,520,61,88,107,1,107,1,0
VQE,407,OFF,ON_OFF,4045542,4.045542,43958,0.043958,520,61,88,0,0,0,0,108
VQE,408,ON,OFF_ON,4049000,4.049,-67416,-0.067416,520,61,88,107,1,107,1,0
VQE,408,OFF,OFF_ON,4116416,4.116416,-67416,-0.067416,520,61,88,0,0,0,0,108
VQE,409,ON,ON_OFF,3995708,3.995708,-62917,-0.062917,520,61,88,107,1,107,1,0
VQE,409,OFF,ON_OFF,4058625,4.058625,-62917,-0.062917,520,61,88,0,0,0,0,108
VQE,410,ON,OFF_ON,4134334,4.134334,159125,0.159125,520,61,88,107,1,107,1,0
VQE,410,OFF,OFF_ON,3975209,3.975209,159125,0.159125,520,61,88,0,0,0,0,108
VQE,411,ON,ON_OFF,4182250,4.18225,-18736125,-18.736125,520,61,88,107,1,107,1,0
VQE,411,OFF,ON_OFF,22918375,22.918375,-18736125,-18.736125,520,61,88,0,0,0,0,108
VQE,412,ON,OFF_ON,4309917,4.309917,-96042,-0.096042,520,61,88,107,1,107,1,0
VQE,412,OFF,OFF_ON,4405959,4.405959,-96042,-0.096042,520,61,88,0,0,0,0,108
VQE,413,ON,ON_OFF,4132958,4.132958,44249,0.044249,520,61,88,107,1,107,1,0
VQE,413,OFF,ON_OFF,4088709,4.088709,44249,0.044249,520,61,88,0,0,0,0,108
VQE,414,ON,OFF_ON,4157250,4.15725,-57083,-0.057083,520,61,88,107,1,107,1,0
VQE,414,OFF,OFF_ON,4214333,4.214333,-57083,-0.057083,520,61,88,0,0,0,0,108
VQE,415,ON,ON_OFF,4117875,4.117875,38834,0.038834,520,61,88,107,1,107,1,0
VQE,415,OFF,ON_OFF,4079041,4.079041,38834,0.038834,520,61,88,0,0,0,0,108
VQE,416,ON,OFF_ON,4230792,4.230792,167167,0.167167,520,61,88,107,1,107,1,0
VQE,416,OFF,OFF_ON,4063625,4.063625,167167,0.167167,520,61,88,0,0,0,0,108
VQE,417,ON,ON_OFF,4248209,4.248209,82459,0.082459,520,61,88,107,1,107,1,0
VQE,417,OFF,ON_OFF,4165750,4.16575,82459,0.082459,520,61,88,0,0,0,0,108
VQE,418,ON,OFF_ON,4160833,4.160833,128333,0.128333,520,61,88,107,1,107,1,0
VQE,418,OFF,OFF_ON,4032500,4.0325,128333,0.128333,520,61,88,0,0,0,0,108
VQE,419,ON,ON_OFF,4107584,4.107584,73668,0.073668,520,61,88,107,1,107,1,0
VQE,419,OFF,ON_OFF,4033916,4.033916,73668,0.073668,520,61,88,0,0,0,0,108
VQE,420,ON,OFF_ON,4186667,4.186667,15875,0.015875,520,61,88,107,1,107,1,0
VQE,420,OFF,OFF_ON,4170792,4.170792,15875,0.015875,520,61,88,0,0,0,0,108
VQE,421,ON,ON_OFF,4119333,4.119333,115833,0.115833,520,61,88,107,1,107,1,0
VQE,421,OFF,ON_OFF,4003500,4.0035,115833,0.115833,520,61,88,0,0,0,0,108
VQE,422,ON,OFF_ON,4198500,4.1985,109208,0.109208,520,61,88,107,1,107,1,0
VQE,422,OFF,OFF_ON,4089292,4.089292,109208,0.109208,520,61,88,0,0,0,0,108
VQE,423,ON,ON_OFF,4158500,4.1585,167125,0.167125,520,61,88,107,1,107,1,0
VQE,423,OFF,ON_OFF,3991375,3.991375,167125,0.167125,520,61,88,0,0,0,0,108
VQE,424,ON,OFF_ON,4182250,4.18225,103334,0.103334,520,61,88,107,1,107,1,0
VQE,424,OFF,OFF_ON,4078916,4.078916,103334,0.103334,520,61,88,0,0,0,0,108
VQE,425,ON,ON_OFF,4171000,4.171,131542,0.131542,520,61,88,107,1,107,1,0
VQE,425,OFF,ON_OFF,4039458,4.039458,131542,0.131542,520,61,88,0,0,0,0,108
VQE,426,ON,OFF_ON,4100750,4.10075,-6125,-0.006125,520,61,88,107,1,107,1,0
VQE,426,OFF,OFF_ON,4106875,4.106875,-6125,-0.006125,520,61,88,0,0,0,0,108
VQE,427,ON,ON_OFF,4200334,4.200334,23668,0.023668,520,61,88,107,1,107,1,0
VQE,427,OFF,ON_OFF,4176666,4.176666,23668,0.023668,520,61,88,0,0,0,0,108
VQE,428,ON,OFF_ON,4175042,4.175042,48792,0.048792,520,61,88,107,1,107,1,0
VQE,428,OFF,OFF_ON,4126250,4.12625,48792,0.048792,520,61,88,0,0,0,0,108
VQE,429,ON,ON_OFF,4291875,4.291875,-185834,-0.185834,520,61,88,107,1,107,1,0
VQE,429,OFF,ON_OFF,4477709,4.477709,-185834,-0.185834,520,61,88,0,0,0,0,108
VQE,430,ON,OFF_ON,3997833,3.997833,-69334,-0.069334,520,61,88,107,1,107,1,0
VQE,430,OFF,OFF_ON,4067167,4.067167,-69334,-0.069334,520,61,88,0,0,0,0,108
VQE,431,ON,ON_OFF,4304709,4.304709,218251,0.218251,520,61,88,107,1,107,1,0
VQE,431,OFF,ON_OFF,4086458,4.086458,218251,0.218251,520,61,88,0,0,0,0,108
VQE,432,ON,OFF_ON,4179500,4.1795,80792,0.080792,520,61,88,107,1,107,1,0
VQE,432,OFF,OFF_ON,4098708,4.098708,80792,0.080792,520,61,88,0,0,0,0,108
VQE,433,ON,ON_OFF,4173667,4.173667,263042,0.263042,520,61,88,107,1,107,1,0
VQE,433,OFF,ON_OFF,3910625,3.910625,263042,0.263042,520,61,88,0,0,0,0,108
VQE,434,ON,OFF_ON,4115791,4.115791,150582,0.150582,520,61,88,107,1,107,1,0
VQE,434,OFF,OFF_ON,3965209,3.965209,150582,0.150582,520,61,88,0,0,0,0,108
VQE,435,ON,ON_OFF,4189791,4.189791,283083,0.283083,520,61,88,107,1,107,1,0
VQE,435,OFF,ON_OFF,3906708,3.906708,283083,0.283083,520,61,88,0,0,0,0,108
VQE,436,ON,OFF_ON,4088291,4.088291,165166,0.165166,520,61,88,107,1,107,1,0
VQE,436,OFF,OFF_ON,3923125,3.923125,165166,0.165166,520,61,88,0,0,0,0,108
VQE,437,ON,ON_OFF,4050833,4.050833,55958,0.055958,520,61,88,107,1,107,1,0
VQE,437,OFF,ON_OFF,3994875,3.994875,55958,0.055958,520,61,88,0,0,0,0,108
VQE,438,ON,OFF_ON,4173291,4.173291,99833,0.099833,520,61,88,107,1,107,1,0
VQE,438,OFF,OFF_ON,4073458,4.073458,99833,0.099833,520,61,88,0,0,0,0,108
VQE,439,ON,ON_OFF,4043125,4.043125,50625,0.050625,520,61,88,107,1,107,1,0
VQE,439,OFF,ON_OFF,3992500,3.9925,50625,0.050625,520,61,88,0,0,0,0,108
VQE,440,ON,OFF_ON,4107417,4.107417,129084,0.129084,520,61,88,107,1,107,1,0
VQE,440,OFF,OFF_ON,3978333,3.978333,129084,0.129084,520,61,88,0,0,0,0,108
VQE,441,ON,ON_OFF,4181916,4.181916,106082,0.106082,520,61,88,107,1,107,1,0
VQE,441,OFF,ON_OFF,4075834,4.075834,106082,0.106082,520,61,88,0,0,0,0,108
VQE,442,ON,OFF_ON,4291833,4.291833,306125,0.306125,520,61,88,107,1,107,1,0
VQE,442,OFF,OFF_ON,3985708,3.985708,306125,0.306125,520,61,88,0,0,0,0,108
VQE,443,ON,ON_OFF,4149000,4.149,152750,0.15275,520,61,88,107,1,107,1,0
VQE,443,OFF,ON_OFF,3996250,3.99625,152750,0.15275,520,61,88,0,0,0,0,108
VQE,444,ON,OFF_ON,4190041,4.190041,143916,0.143916,520,61,88,107,1,107,1,0
VQE,444,OFF,OFF_ON,4046125,4.046125,143916,0.143916,520,61,88,0,0,0,0,108
VQE,445,ON,ON_OFF,4113208,4.113208,118333,0.118333,520,61,88,107,1,107,1,0
VQE,445,OFF,ON_OFF,3994875,3.994875,118333,0.118333,520,61,88,0,0,0,0,108
VQE,446,ON,OFF_ON,4116042,4.116042,103584,0.103584,520,61,88,107,1,107,1,0
VQE,446,OFF,OFF_ON,4012458,4.012458,103584,0.103584,520,61,88,0,0,0,0,108
VQE,447,ON,ON_OFF,4232042,4.232042,281167,0.281167,520,61,88,107,1,107,1,0
VQE,447,OFF,ON_OFF,3950875,3.950875,281167,0.281167,520,61,88,0,0,0,0,108
VQE,448,ON,OFF_ON,4090292,4.090292,135876,0.135876,520,61,88,107,1,107,1,0
VQE,448,OFF,OFF_ON,3954416,3.954416,135876,0.135876,520,61,88,0,0,0,0,108
VQE,449,ON,ON_OFF,4079875,4.079875,12041,0.012041,520,61,88,107,1,107,1,0
VQE,449,OFF,ON_OFF,4067834,4.067834,12041,0.012041,520,61,88,0,0,0,0,108
VQE,450,ON,OFF_ON,4116708,4.116708,1208,0.001208,520,61,88,107,1,107,1,0
VQE,450,OFF,OFF_ON,4115500,4.1155,1208,0.001208,520,61,88,0,0,0,0,108
VQE,451,ON,ON_OFF,4109250,4.10925,-322083,-0.322083,520,61,88,107,1,107,1,0
VQE,451,OFF,ON_OFF,4431333,4.431333,-322083,-0.322083,520,61,88,0,0,0,0,108
VQE,452,ON,OFF_ON,4114792,4.114792,-97916,-0.097916,520,61,88,107,1,107,1,0
VQE,452,OFF,OFF_ON,4212708,4.212708,-97916,-0.097916,520,61,88,0,0,0,0,108
VQE,453,ON,ON_OFF,4340334,4.340334,204876,0.204876,520,61,88,107,1,107,1,0
VQE,453,OFF,ON_OFF,4135458,4.135458,204876,0.204876,520,61,88,0,0,0,0,108
VQE,454,ON,OFF_ON,4111583,4.111583,111124,0.111124,520,61,88,107,1,107,1,0
VQE,454,OFF,OFF_ON,4000459,4.000459,111124,0.111124,520,61,88,0,0,0,0,108
VQE,455,ON,ON_OFF,4101375,4.101375,71708,0.071708,520,61,88,107,1,107,1,0
VQE,455,OFF,ON_OFF,4029667,4.029667,71708,0.071708,520,61,88,0,0,0,0,108
VQE,456,ON,OFF_ON,4121625,4.121625,70041,0.070041,520,61,88,107,1,107,1,0
VQE,456,OFF,OFF_ON,4051584,4.051584,70041,0.070041,520,61,88,0,0,0,0,108
VQE,457,ON,ON_OFF,4115084,4.115084,185959,0.185959,520,61,88,107,1,107,1,0
VQE,457,OFF,ON_OFF,3929125,3.929125,185959,0.185959,520,61,88,0,0,0,0,108
VQE,458,ON,OFF_ON,4084125,4.084125,77625,0.077625,520,61,88,107,1,107,1,0
VQE,458,OFF,OFF_ON,4006500,4.0065,77625,0.077625,520,61,88,0,0,0,0,108
VQE,459,ON,ON_OFF,4140750,4.14075,223291,0.223291,520,61,88,107,1,107,1,0
VQE,459,OFF,ON_OFF,3917459,3.917459,223291,0.223291,520,61,88,0,0,0,0,108
VQE,460,ON,OFF_ON,3982875,3.982875,500,0.0005,520,61,88,107,1,107,1,0
VQE,460,OFF,OFF_ON,3982375,3.982375,500,0.0005,520,61,88,0,0,0,0,108
VQE,461,ON,ON_OFF,4024083,4.024083,111874,0.111874,520,61,88,107,1,107,1,0
VQE,461,OFF,ON_OFF,3912209,3.912209,111874,0.111874,520,61,88,0,0,0,0,108
VQE,462,ON,OFF_ON,4033125,4.033125,-1000,-0.001,520,61,88,107,1,107,1,0
VQE,462,OFF,OFF_ON,4034125,4.034125,-1000,-0.001,520,61,88,0,0,0,0,108
VQE,463,ON,ON_OFF,4073041,4.073041,39166,0.039166,520,61,88,107,1,107,1,0
VQE,463,OFF,ON_OFF,4033875,4.033875,39166,0.039166,520,61,88,0,0,0,0,108
VQE,464,ON,OFF_ON,4120166,4.120166,40958,0.040958,520,61,88,107,1,107,1,0
VQE,464,OFF,OFF_ON,4079208,4.079208,40958,0.040958,520,61,88,0,0,0,0,108
VQE,465,ON,ON_OFF,4213667,4.213667,151251,0.151251,520,61,88,107,1,107,1,0
VQE,465,OFF,ON_OFF,4062416,4.062416,151251,0.151251,520,61,88,0,0,0,0,108
VQE,466,ON,OFF_ON,4113500,4.1135,44166,0.044166,520,61,88,107,1,107,1,0
VQE,466,OFF,OFF_ON,4069334,4.069334,44166,0.044166,520,61,88,0,0,0,0,108
VQE,467,ON,ON_OFF,4183459,4.183459,192959,0.192959,520,61,88,107,1,107,1,0
VQE,467,OFF,ON_OFF,3990500,3.9905,192959,0.192959,520,61,88,0,0,0,0,108
VQE,468,ON,OFF_ON,4114458,4.114458,-38334,-0.038334,520,61,88,107,1,107,1,0
VQE,468,OFF,OFF_ON,4152792,4.152792,-38334,-0.038334,520,61,88,0,0,0,0,108
VQE,469,ON,ON_OFF,4136416,4.136416,46333,0.046333,520,61,88,107,1,107,1,0
VQE,469,OFF,ON_OFF,4090083,4.090083,46333,0.046333,520,61,88,0,0,0,0,108
VQE,470,ON,OFF_ON,4297875,4.297875,255709,0.255709,520,61,88,107,1,107,1,0
VQE,470,OFF,OFF_ON,4042166,4.042166,255709,0.255709,520,61,88,0,0,0,0,108
VQE,471,ON,ON_OFF,4322375,4.322375,-20393167,-20.393167,520,61,88,107,1,107,1,0
VQE,471,OFF,ON_OFF,24715542,24.715542,-20393167,-20.393167,520,61,88,0,0,0,0,108
VQE,472,ON,OFF_ON,4419000,4.419,-59125,-0.059125,520,61,88,107,1,107,1,0
VQE,472,OFF,OFF_ON,4478125,4.478125,-59125,-0.059125,520,61,88,0,0,0,0,108
VQE,473,ON,ON_OFF,4564708,4.564708,119250,0.11925,520,61,88,107,1,107,1,0
VQE,473,OFF,ON_OFF,4445458,4.445458,119250,0.11925,520,61,88,0,0,0,0,108
VQE,474,ON,OFF_ON,4367500,4.3675,-212458,-0.212458,520,61,88,107,1,107,1,0
VQE,474,OFF,OFF_ON,4579958,4.579958,-212458,-0.212458,520,61,88,0,0,0,0,108
VQE,475,ON,ON_OFF,4623125,4.623125,402667,0.402667,520,61,88,107,1,107,1,0
VQE,475,OFF,ON_OFF,4220458,4.220458,402667,0.402667,520,61,88,0,0,0,0,108
VQE,476,ON,OFF_ON,4688333,4.688333,338000,0.338,520,61,88,107,1,107,1,0
VQE,476,OFF,OFF_ON,4350333,4.350333,338000,0.338,520,61,88,0,0,0,0,108
VQE,477,ON,ON_OFF,4286709,4.286709,-230958,-0.230958,520,61,88,107,1,107,1,0
VQE,477,OFF,ON_OFF,4517667,4.517667,-230958,-0.230958,520,61,88,0,0,0,0,108
VQE,478,ON,OFF_ON,4239417,4.239417,20875,0.020875,520,61,88,107,1,107,1,0
VQE,478,OFF,OFF_ON,4218542,4.218542,20875,0.020875,520,61,88,0,0,0,0,108
VQE,479,ON,ON_OFF,4585709,4.585709,186750,0.18675,520,61,88,107,1,107,1,0
VQE,479,OFF,ON_OFF,4398959,4.398959,186750,0.18675,520,61,88,0,0,0,0,108
VQE,480,ON,OFF_ON,4622083,4.622083,279625,0.279625,520,61,88,107,1,107,1,0
VQE,480,OFF,OFF_ON,4342458,4.342458,279625,0.279625,520,61,88,0,0,0,0,108
VQE,481,ON,ON_OFF,4277042,4.277042,-196416,-0.196416,520,61,88,107,1,107,1,0
VQE,481,OFF,ON_OFF,4473458,4.473458,-196416,-0.196416,520,61,88,0,0,0,0,108
VQE,482,ON,OFF_ON,4222208,4.222208,-379959,-0.379959,520,61,88,107,1,107,1,0
VQE,482,OFF,OFF_ON,4602167,4.602167,-379959,-0.379959,520,61,88,0,0,0,0,108
VQE,483,ON,ON_OFF,4580375,4.580375,77250,0.07725,520,61,88,107,1,107,1,0
VQE,483,OFF,ON_OFF,4503125,4.503125,77250,0.07725,520,61,88,0,0,0,0,108
VQE,484,ON,OFF_ON,4534875,4.534875,432042,0.432042,520,61,88,107,1,107,1,0
VQE,484,OFF,OFF_ON,4102833,4.102833,432042,0.432042,520,61,88,0,0,0,0,108
VQE,485,ON,ON_OFF,4189375,4.189375,-263041,-0.263041,520,61,88,107,1,107,1,0
VQE,485,OFF,ON_OFF,4452416,4.452416,-263041,-0.263041,520,61,88,0,0,0,0,108
VQE,486,ON,OFF_ON,4210708,4.210708,-364042,-0.364042,520,61,88,107,1,107,1,0
VQE,486,OFF,OFF_ON,4574750,4.57475,-364042,-0.364042,520,61,88,0,0,0,0,108
VQE,487,ON,ON_OFF,4221167,4.221167,-219500,-0.2195,520,61,88,107,1,107,1,0
VQE,487,OFF,ON_OFF,4440667,4.440667,-219500,-0.2195,520,61,88,0,0,0,0,108
VQE,488,ON,OFF_ON,4156458,4.156458,96416,0.096416,520,61,88,107,1,107,1,0
VQE,488,OFF,OFF_ON,4060042,4.060042,96416,0.096416,520,61,88,0,0,0,0,108
VQE,489,ON,ON_OFF,4231333,4.231333,94958,0.094958,520,61,88,107,1,107,1,0
VQE,489,OFF,ON_OFF,4136375,4.136375,94958,0.094958,520,61,88,0,0,0,0,108
VQE,490,ON,OFF_ON,4072917,4.072917,-47583,-0.047583,520,61,88,107,1,107,1,0
VQE,490,OFF,OFF_ON,4120500,4.1205,-47583,-0.047583,520,61,88,0,0,0,0,108
VQE,491,ON,ON_OFF,4461083,4.461083,203708,0.203708,520,61,88,107,1,107,1,0
VQE,491,OFF,ON_OFF,4257375,4.257375,203708,0.203708,520,61,88,0,0,0,0,108
VQE,492,ON,OFF_ON,4383958,4.383958,248708,0.248708,520,61,88,107,1,107,1,0
VQE,492,OFF,OFF_ON,4135250,4.13525,248708,0.248708,520,61,88,0,0,0,0,108
VQE,493,ON,ON_OFF,4206792,4.206792,139375,0.139375,520,61,88,107,1,107,1,0
VQE,493,OFF,ON_OFF,4067417,4.067417,139375,0.139375,520,61,88,0,0,0,0,108
VQE,494,ON,OFF_ON,4186833,4.186833,74000,0.074,520,61,88,107,1,107,1,0
VQE,494,OFF,OFF_ON,4112833,4.112833,74000,0.074,520,61,88,0,0,0,0,108
VQE,495,ON,ON_OFF,4209334,4.209334,219584,0.219584,520,61,88,107,1,107,1,0
VQE,495,OFF,ON_OFF,3989750,3.98975,219584,0.219584,520,61,88,0,0,0,0,108
VQE,496,ON,OFF_ON,4059875,4.059875,-106417,-0.106417,520,61,88,107,1,107,1,0
VQE,496,OFF,OFF_ON,4166292,4.166292,-106417,-0.106417,520,61,88,0,0,0,0,108
VQE,497,ON,ON_OFF,4168542,4.168542,-88167,-0.088167,520,61,88,107,1,107,1,0
VQE,497,OFF,ON_OFF,4256709,4.256709,-88167,-0.088167,520,61,88,0,0,0,0,108
VQE,498,ON,OFF_ON,4097417,4.097417,-7333,-0.007333,520,61,88,107,1,107,1,0
VQE,498,OFF,OFF_ON,4104750,4.10475,-7333,-0.007333,520,61,88,0,0,0,0,108
VQE,499,ON,ON_OFF,4073959,4.073959,-73125,-0.073125,520,61,88,107,1,107,1,0
VQE,499,OFF,ON_OFF,4147084,4.147084,-73125,-0.073125,520,61,88,0,0,0,0,108
VQE,500,ON,OFF_ON,4229041,4.229041,245791,0.245791,520,61,88,107,1,107,1,0
VQE,500,OFF,OFF_ON,3983250,3.98325,245791,0.245791,520,61,88,0,0,0,0,108
Random,1,ON,ON_OFF,5094083,5.094083,-146251,-0.146251,465,120,112,33,1,33,1,0
Random,1,OFF,ON_OFF,5240334,5.240334,-146251,-0.146251,465,120,112,0,0,0,0,34
Random,2,ON,OFF_ON,5520958,5.520958,265375,0.265375,465,120,112,33,1,33,1,0
Random,2,OFF,OFF_ON,5255583,5.255583,265375,0.265375,465,120,112,0,0,0,0,34
Random,3,ON,ON_OFF,5274292,5.274292,27334,0.027334,465,120,112,33,1,33,1,0
Random,3,OFF,ON_OFF,5246958,5.246958,27334,0.027334,465,120,112,0,0,0,0,34
Random,4,ON,OFF_ON,5088792,5.088792,-39417,-0.039417,465,120,112,33,1,33,1,0
Random,4,OFF,OFF_ON,5128209,5.128209,-39417,-0.039417,465,120,112,0,0,0,0,34
Random,5,ON,ON_OFF,5148958,5.148958,131625,0.131625,465,120,112,33,1,33,1,0
Random,5,OFF,ON_OFF,5017333,5.017333,131625,0.131625,465,120,112,0,0,0,0,34
Random,6,ON,OFF_ON,5109083,5.109083,25792,0.025792,465,120,112,33,1,33,1,0
Random,6,OFF,OFF_ON,5083291,5.083291,25792,0.025792,465,120,112,0,0,0,0,34
Random,7,ON,ON_OFF,5019917,5.019917,24834,0.024834,465,120,112,33,1,33,1,0
Random,7,OFF,ON_OFF,4995083,4.995083,24834,0.024834,465,120,112,0,0,0,0,34
Random,8,ON,OFF_ON,5062250,5.06225,-69750,-0.06975,465,120,112,33,1,33,1,0
Random,8,OFF,OFF_ON,5132000,5.132,-69750,-0.06975,465,120,112,0,0,0,0,34
Random,9,ON,ON_OFF,5013042,5.013042,-22500,-0.0225,465,120,112,33,1,33,1,0
Random,9,OFF,ON_OFF,5035542,5.035542,-22500,-0.0225,465,120,112,0,0,0,0,34
Random,10,ON,OFF_ON,5022416,5.022416,9957,0.009957,465,120,112,33,1,33,1,0
Random,10,OFF,OFF_ON,5012459,5.012459,9957,0.009957,465,120,112,0,0,0,0,34
Random,11,ON,ON_OFF,5399542,5.399542,-18510000,-18.51,465,120,112,33,1,33,1,0
Random,11,OFF,ON_OFF,23909542,23.909542,-18510000,-18.51,465,120,112,0,0,0,0,34
Random,12,ON,OFF_ON,5190000,5.19,-427792,-0.427792,465,120,112,33,1,33,1,0
Random,12,OFF,OFF_ON,5617792,5.617792,-427792,-0.427792,465,120,112,0,0,0,0,34
Random,13,ON,ON_OFF,5206542,5.206542,-48333,-0.048333,465,120,112,33,1,33,1,0
Random,13,OFF,ON_OFF,5254875,5.254875,-48333,-0.048333,465,120,112,0,0,0,0,34
Random,14,ON,OFF_ON,5146250,5.14625,108417,0.108417,465,120,112,33,1,33,1,0
Random,14,OFF,OFF_ON,5037833,5.037833,108417,0.108417,465,120,112,0,0,0,0,34
Random,15,ON,ON_OFF,5076125,5.076125,-82625,-0.082625,465,120,112,33,1,33,1,0
Random,15,OFF,ON_OFF,5158750,5.15875,-82625,-0.082625,465,120,112,0,0,0,0,34
Random,16,ON,OFF_ON,5061791,5.061791,-16918,-0.016918,465,120,112,33,1,33,1,0
Random,16,OFF,OFF_ON,5078709,5.078709,-16918,-0.016918,465,120,112,0,0,0,0,34
Random,17,ON,ON_OFF,5320125,5.320125,127208,0.127208,465,120,112,33,1,33,1,0
Random,17,OFF,ON_OFF,5192917,5.192917,127208,0.127208,465,120,112,0,0,0,0,34
Random,18,ON,OFF_ON,5105166,5.105166,14207,0.014207,465,120,112,33,1,33,1,0
Random,18,OFF,OFF_ON,5090959,5.090959,14207,0.014207,465,120,112,0,0,0,0,34
Random,19,ON,ON_OFF,5131666,5.131666,96958,0.096958,465,120,112,33,1,33,1,0
Random,19,OFF,ON_OFF,5034708,5.034708,96958,0.096958,465,120,112,0,0,0,0,34
Random,20,ON,OFF_ON,5313333,5.313333,322916,0.322916,465,120,112,33,1,33,1,0
Random,20,OFF,OFF_ON,4990417,4.990417,322916,0.322916,465,120,112,0,0,0,0,34
Random,21,ON,ON_OFF,5476041,5.476041,185416,0.185416,465,120,112,33,1,33,1,0
Random,21,OFF,ON_OFF,5290625,5.290625,185416,0.185416,465,120,112,0,0,0,0,34
Random,22,ON,OFF_ON,5233625,5.233625,-45500,-0.0455,465,120,112,33,1,33,1,0
Random,22,OFF,OFF_ON,5279125,5.279125,-45500,-0.0455,465,120,112,0,0,0,0,34
Random,23,ON,ON_OFF,5208125,5.208125,175375,0.175375,465,120,112,33,1,33,1,0
Random,23,OFF,ON_OFF,5032750,5.03275,175375,0.175375,465,120,112,0,0,0,0,34
Random,24,ON,OFF_ON,5187084,5.187084,34793,0.034793,465,120,112,33,1,33,1,0
Random,24,OFF,OFF_ON,5152291,5.152291,34793,0.034793,465,120,112,0,0,0,0,34
Random,25,ON,ON_OFF,5165250,5.16525,108667,0.108667,465,120,112,33,1,33,1,0
Random,25,OFF,ON_OFF,5056583,5.056583,108667,0.108667,465,120,112,0,0,0,0,34
Random,26,ON,OFF_ON,5104584,5.104584,13126,0.013126,465,120,112,33,1,33,1,0
Random,26,OFF,OFF_ON,5091458,5.091458,13126,0.013126,465,120,112,0,0,0,0,34
Random,27,ON,ON_OFF,4997916,4.997916,-58459,-0.058459,465,120,112,33,1,33,1,0
Random,27,OFF,ON_OFF,5056375,5.056375,-58459,-0.058459,465,120,112,0,0,0,0,34
Random,28,ON,OFF_ON,5166417,5.166417,199958,0.199958,465,120,112,33,1,33,1,0
Random,28,OFF,OFF_ON,4966459,4.966459,199958,0.199958,465,120,112,0,0,0,0,34
Random,29,ON,ON_OFF,5023958,5.023958,-14709,-0.014709,465,120,112,33,1,33,1,0
Random,29,OFF,ON_OFF,5038667,5.038667,-14709,-0.014709,465,120,112,0,0,0,0,34
Random,30,ON,OFF_ON,5095416,5.095416,138582,0.138582,465,120,112,33,1,33,1,0
Random,30,OFF,OFF_ON,4956834,4.956834,138582,0.138582,465,120,112,0,0,0,0,34
Random,31,ON,ON_OFF,4999958,4.999958,24750,0.02475,465,120,112,33,1,33,1,0
Random,31,OFF,ON_OFF,4975208,4.975208,24750,0.02475,465,120,112,0,0,0,0,34
Random,32,ON,OFF_ON,5039459,5.039459,62375,0.062375,465,120,112,33,1,33,1,0
Random,32,OFF,OFF_ON,4977084,4.977084,62375,0.062375,465,120,112,0,0,0,0,34
Random,33,ON,ON_OFF,4995375,4.995375,-375,-0.000375,465,120,112,33,1,33,1,0
Random,33,OFF,ON_OFF,4995750,4.99575,-375,-0.000375,465,120,112,0,0,0,0,34
Random,34,ON,OFF_ON,5059916,5.059916,65624,0.065624,465,120,112,33,1,33,1,0
Random,34,OFF,OFF_ON,4994292,4.994292,65624,0.065624,465,120,112,0,0,0,0,34
Random,35,ON,ON_OFF,5035667,5.035667,40667,0.040667,465,120,112,33,1,33,1,0
Random,35,OFF,ON_OFF,4995000,4.995,40667,0.040667,465,120,112,0,0,0,0,34
Random,36,ON,OFF_ON,5003709,5.003709,16584,0.016584,465,120,112,33,1,33,1,0
Random,36,OFF,OFF_ON,4987125,4.987125,16584,0.016584,465,120,112,0,0,0,0,34
Random,37,ON,ON_OFF,5043000,5.043,-25708,-0.025708,465,120,112,33,1,33,1,0
Random,37,OFF,ON_OFF,5068708,5.068708,-25708,-0.025708,465,120,112,0,0,0,0,34
Random,38,ON,OFF_ON,5034375,5.034375,43667,0.043667,465,120,112,33,1,33,1,0
Random,38,OFF,OFF_ON,4990708,4.990708,43667,0.043667,465,120,112,0,0,0,0,34
Random,39,ON,ON_OFF,5027084,5.027084,-29875,-0.029875,465,120,112,33,1,33,1,0
Random,39,OFF,ON_OFF,5056959,5.056959,-29875,-0.029875,465,120,112,0,0,0,0,34
Random,40,ON,OFF_ON,5024500,5.0245,8375,0.008375,465,120,112,33,1,33,1,0
Random,40,OFF,OFF_ON,5016125,5.016125,8375,0.008375,465,120,112,0,0,0,0,34
Random,41,ON,ON_OFF,5111000,5.111,146667,0.146667,465,120,112,33,1,33,1,0
Random,41,OFF,ON_OFF,4964333,4.964333,146667,0.146667,465,120,112,0,0,0,0,34
Random,42,ON,OFF_ON,5030000,5.03,29584,0.029584,465,120,112,33,1,33,1,0
Random,42,OFF,OFF_ON,5000416,5.000416,29584,0.029584,465,120,112,0,0,0,0,34
Random,43,ON,ON_OFF,4984083,4.984083,-53709,-0.053709,465,120,112,33,1,33,1,0
Random,43,OFF,ON_OFF,5037792,5.037792,-53709,-0.053709,465,120,112,0,0,0,0,34
Random,44,ON,OFF_ON,5116542,5.116542,15209,0.015209,465,120,112,33,1,33,1,0
Random,44,OFF,OFF_ON,5101333,5.101333,15209,0.015209,465,120,112,0,0,0,0,34
Random,45,ON,ON_OFF,5424834,5.424834,362542,0.362542,465,120,112,33,1,33,1,0
Random,45,OFF,ON_OFF,5062292,5.062292,362542,0.362542,465,120,112,0,0,0,0,34
Random,46,ON,OFF_ON,5584000,5.584,298041,0.298041,465,120,112,33,1,33,1,0
Random,46,OFF,OFF_ON,5285959,5.285959,298041,0.298041,465,120,112,0,0,0,0,34
Random,47,ON,ON_OFF,5094084,5.094084,-79666,-0.079666,465,120,112,33,1,33,1,0
Random,47,OFF,ON_OFF,5173750,5.17375,-79666,-0.079666,465,120,112,0,0,0,0,34
Random,48,ON,OFF_ON,5196917,5.196917,-78208,-0.078208,465,120,112,33,1,33,1,0
Random,48,OFF,OFF_ON,5275125,5.275125,-78208,-0.078208,465,120,112,0,0,0,0,34
Random,49,ON,ON_OFF,5385625,5.385625,241750,0.24175,465,120,112,33,1,33,1,0
Random,49,OFF,ON_OFF,5143875,5.143875,241750,0.24175,465,120,112,0,0,0,0,34
Random,50,ON,OFF_ON,5456750,5.45675,392292,0.392292,465,120,112,33,1,33,1,0
Random,50,OFF,OFF_ON,5064458,5.064458,392292,0.392292,465,120,112,0,0,0,0,34
Random,51,ON,ON_OFF,5228417,5.228417,-142000,-0.142,465,120,112,33,1,33,1,0
Random,51,OFF,ON_OFF,5370417,5.370417,-142000,-0.142,465,120,112,0,0,0,0,34
Random,52,ON,OFF_ON,5207792,5.207792,-345124,-0.345124,465,120,112,33,1,33,1,0
Random,52,OFF,OFF_ON,5552916,5.552916,-345124,-0.345124,465,120,112,0,0,0,0,34
Random,53,ON,ON_OFF,5245375,5.245375,-124041,-0.124041,465,120,112,33,1,33,1,0
Random,53,OFF,ON_OFF,5369416,5.369416,-124041,-0.124041,465,120,112,0,0,0,0,34
Random,54,ON,OFF_ON,5438375,5.438375,240666,0.240666,465,120,112,33,1,33,1,0
Random,54,OFF,OFF_ON,5197709,5.197709,240666,0.240666,465,120,112,0,0,0,0,34
Random,55,ON,ON_OFF,5281875,5.281875,125750,0.12575,465,120,112,33,1,33,1,0
Random,55,OFF,ON_OFF,5156125,5.156125,125750,0.12575,465,120,112,0,0,0,0,34
Random,56,ON,OFF_ON,5248208,5.248208,-152625,-0.152625,465,120,112,33,1,33,1,0
Random,56,OFF,OFF_ON,5400833,5.400833,-152625,-0.152625,465,120,112,0,0,0,0,34
Random,57,ON,ON_OFF,5525834,5.525834,21834,0.021834,465,120,112,33,1,33,1,0
Random,57,OFF,ON_OFF,5504000,5.504,21834,0.021834,465,120,112,0,0,0,0,34
Random,58,ON,OFF_ON,5667166,5.667166,504041,0.504041,465,120,112,33,1,33,1,0
Random,58,OFF,OFF_ON,5163125,5.163125,504041,0.504041,465,120,112,0,0,0,0,34
Random,59,ON,ON_OFF,29202208,29.202208,14996625,14.996625,465,120,112,33,1,33,1,0
Random,59,OFF,ON_OFF,14205583,14.205583,14996625,14.996625,465,120,112,0,0,0,0,34
Random,60,ON,OFF_ON,5891000,5.891,-4544083,-4.544083,465,120,112,33,1,33,1,0
Random,60,OFF,OFF_ON,10435083,10.435083,-4544083,-4.544083,465,120,112,0,0,0,0,34
Random,61,ON,ON_OFF,5460834,5.460834,174042,0.174042,465,120,112,33,1,33,1,0
Random,61,OFF,ON_OFF,5286792,5.286792,174042,0.174042,465,120,112,0,0,0,0,34
Random,62,ON,OFF_ON,5338584,5.338584,-384082,-0.384082,465,120,112,33,1,33,1,0
Random,62,OFF,OFF_ON,5722666,5.722666,-384082,-0.384082,465,120,112,0,0,0,0,34
Random,63,ON,ON_OFF,5465333,5.465333,-118500,-0.1185,465,120,112,33,1,33,1,0
Random,63,OFF,ON_OFF,5583833,5.583833,-118500,-0.1185,465,120,112,0,0,0,0,34
Random,64,ON,OFF_ON,5485417,5.485417,163876,0.163876,465,120,112,33,1,33,1,0
Random,64,OFF,OFF_ON,5321541,5.321541,163876,0.163876,465,120,112,0,0,0,0,34
Random,65,ON,ON_OFF,5256958,5.256958,-382167,-0.382167,465,120,112,33,1,33,1,0
Random,65,OFF,ON_OFF,5639125,5.639125,-382167,-0.382167,465,120,112,0,0,0,0,34
Random,66,ON,OFF_ON,5391916,5.391916,-17584,-0.017584,465,120,112,33,1,33,1,0
Random,66,OFF,OFF_ON,5409500,5.4095,-17584,-0.017584,465,120,112,0,0,0,0,34
Random,67,ON,ON_OFF,5777917,5.777917,174167,0.174167,465,120,112,33,1,33,1,0
Random,67,OFF,ON_OFF,5603750,5.60375,174167,0.174167,465,120,112,0,0,0,0,34
Random,68,ON,OFF_ON,5319958,5.319958,-235792,-0.235792,465,120,112,33,1,33,1,0
Random,68,OFF,OFF_ON,5555750,5.55575,-235792,-0.235792,465,120,112,0,0,0,0,34
Random,69,ON,ON_OFF,5338792,5.338792,-146541,-0.146541,465,120,112,33,1,33,1,0
Random,69,OFF,ON_OFF,5485333,5.485333,-146541,-0.146541,465,120,112,0,0,0,0,34
Random,70,ON,OFF_ON,5214959,5.214959,-160958,-0.160958,465,120,112,33,1,33,1,0
Random,70,OFF,OFF_ON,5375917,5.375917,-160958,-0.160958,465,120,112,0,0,0,0,34
Random,71,ON,ON_OFF,5417458,5.417458,234125,0.234125,465,120,112,33,1,33,1,0
Random,71,OFF,ON_OFF,5183333,5.183333,234125,0.234125,465,120,112,0,0,0,0,34
Random,72,ON,OFF_ON,5157333,5.157333,36208,0.036208,465,120,112,33,1,33,1,0
Random,72,OFF,OFF_ON,5121125,5.121125,36208,0.036208,465,120,112,0,0,0,0,34
Random,73,ON,ON_OFF,5177750,5.17775,118084,0.118084,465,120,112,33,1,33,1,0
Random,73,OFF,ON_OFF,5059666,5.059666,118084,0.118084,465,120,112,0,0,0,0,34
Random,74,ON,OFF_ON,5085750,5.08575,-125,-0.000125,465,120,112,33,1,33,1,0
Random,74,OFF,OFF_ON,5085875,5.085875,-125,-0.000125,465,120,112,0,0,0,0,34
Random,75,ON,ON_OFF,5148750,5.14875,34917,0.034917,465,120,112,33,1,33,1,0
Random,75,OFF,ON_OFF,5113833,5.113833,34917,0.034917,465,120,112,0,0,0,0,34
Random,76,ON,OFF_ON,5507125,5.507125,-133417,-0.133417,465,120,112,33,1,33,1,0
Random,76,OFF,OFF_ON,5640542,5.640542,-133417,-0.133417,465,120,112,0,0,0,0,34
Random,77,ON,ON_OFF,5815833,5.815833,288125,0.288125,465,120,112,33,1,33,1,0
Random,77,OFF,ON_OFF,5527708,5.527708,288125,0.288125,465,120,112,0,0,0,0,34
Random,78,ON,OFF_ON,5463875,5.463875,-131208,-0.131208,465,120,112,33,1,33,1,0
Random,78,OFF,OFF_ON,5595083,5.595083,-131208,-0.131208,465,120,112,0,0,0,0,34
Random,79,ON,ON_OFF,5938958,5.938958,333541,0.333541,465,120,112,33,1,33,1,0
Random,79,OFF,ON_OFF,5605417,5.605417,333541,0.333541,465,120,112,0,0,0,0,34
Random,80,ON,OFF_ON,5254083,5.254083,66833,0.066833,465,120,112,33,1,33,1,0
Random,80,OFF,OFF_ON,5187250,5.18725,66833,0.066833,465,120,112,0,0,0,0,34
Random,81,ON,ON_OFF,5202792,5.202792,105542,0.105542,465,120,112,33,1,33,1,0
Random,81,OFF,ON_OFF,5097250,5.09725,105542,0.105542,465,120,112,0,0,0,0,34
Random,82,ON,OFF_ON,5145000,5.145,20917,0.020917,465,120,112,33,1,33,1,0
Random,82,OFF,OFF_ON,5124083,5.124083,20917,0.020917,465,120,112,0,0,0,0,34
Random,83,ON,ON_OFF,5120542,5.120542,-4624,-0.004624,465,120,112,33,1,33,1,0
Random,83,OFF,ON_OFF,5125166,5.125166,-4624,-0.004624,465,120,112,0,0,0,0,34
Random,84,ON,OFF_ON,5135791,5.135791,19249,0.019249,465,120,112,33,1,33,1,0
Random,84,OFF,OFF_ON,5116542,5.116542,19249,0.019249,465,120,112,0,0,0,0,34
Random,85,ON,ON_OFF,5328084,5.328084,-267624,-0.267624,465,120,112,33,1,33,1,0
Random,85,OFF,ON_OFF,5595708,5.595708,-267624,-0.267624,465,120,112,0,0,0,0,34
Random,86,ON,OFF_ON,5561375,5.561375,-442917,-0.442917,465,120,112,33,1,33,1,0
Random,86,OFF,OFF_ON,6004292,6.004292,-442917,-0.442917,465,120,112,0,0,0,0,34
Random,87,ON,ON_OFF,8354500,8.3545,2067792,2.067792,465,120,112,33,1,33,1,0
Random,87,OFF,ON_OFF,6286708,6.286708,2067792,2.067792,465,120,112,0,0,0,0,34
Random,88,ON,OFF_ON,12103667,12.103667,-29530083,-29.530083,465,120,112,33,1,33,1,0
Random,88,OFF,OFF_ON,41633750,41.63375,-29530083,-29.530083,465,120,112,0,0,0,0,34
Random,89,ON,ON_OFF,6151000,6.151,613375,0.613375,465,120,112,33,1,33,1,0
Random,89,OFF,ON_OFF,5537625,5.537625,613375,0.613375,465,120,112,0,0,0,0,34
Random,90,ON,OFF_ON,5286458,5.286458,-270125,-0.270125,465,120,112,33,1,33,1,0
Random,90,OFF,OFF_ON,5556583,5.556583,-270125,-0.270125,465,120,112,0,0,0,0,34
Random,91,ON,ON_OFF,5148708,5.148708,-34917,-0.034917,465,120,112,33,1,33,1,0
Random,91,OFF,ON_OFF,5183625,5.183625,-34917,-0.034917,465,120,112,0,0,0,0,34
Random,92,ON,OFF_ON,5276542,5.276542,77626,0.077626,465,120,112,33,1,33,1,0
Random,92,OFF,OFF_ON,5198916,5.198916,77626,0.077626,465,120,112,0,0,0,0,34
Random,93,ON,ON_OFF,5169625,5.169625,-72666,-0.072666,465,120,112,33,1,33,1,0
Random,93,OFF,ON_OFF,5242291,5.242291,-72666,-0.072666,465,120,112,0,0,0,0,34
Random,94,ON,OFF_ON,5072292,5.072292,-103833,-0.103833,465,120,112,33,1,33,1,0
Random,94,OFF,OFF_ON,5176125,5.176125,-103833,-0.103833,465,120,112,0,0,0,0,34
Random,95,ON,ON_OFF,5138291,5.138291,71124,0.071124,465,120,112,33,1,33,1,0
Random,95,OFF,ON_OFF,5067167,5.067167,71124,0.071124,465,120,112,0,0,0,0,34
Random,96,ON,OFF_ON,5128417,5.128417,154667,0.154667,465,120,112,33,1,33,1,0
Random,96,OFF,OFF_ON,4973750,4.97375,154667,0.154667,465,120,112,0,0,0,0,34
Random,97,ON,ON_OFF,5069416,5.069416,36166,0.036166,465,120,112,33,1,33,1,0
Random,97,OFF,ON_OFF,5033250,5.03325,36166,0.036166,465,120,112,0,0,0,0,34
Random,98,ON,OFF_ON,5100042,5.100042,28417,0.028417,465,120,112,33,1,33,1,0
Random,98,OFF,OFF_ON,5071625,5.071625,28417,0.028417,465,120,112,0,0,0,0,34
Random,99,ON,ON_OFF,5117292,5.117292,-15417,-0.015417,465,120,112,33,1,33,1,0
Random,99,OFF,ON_OFF,5132709,5.132709,-15417,-0.015417,465,120,112,0,0,0,0,34
Random,100,ON,OFF_ON,5121292,5.121292,74708,0.074708,465,120,112,33,1,33,1,0
Random,100,OFF,OFF_ON,5046584,5.046584,74708,0.074708,465,120,112,0,0,0,0,34
Random,101,ON,ON_OFF,5145083,5.145083,78874,0.078874,465,120,112,33,1,33,1,0
Random,101,OFF,ON_OFF,5066209,5.066209,78874,0.078874,465,120,112,0,0,0,0,34
Random,102,ON,OFF_ON,5338459,5.338459,-640791,-0.640791,465,120,112,33,1,33,1,0
Random,102,OFF,OFF_ON,5979250,5.97925,-640791,-0.640791,465,120,112,0,0,0,0,34
Random,103,ON,ON_OFF,5246417,5.246417,-167333,-0.167333,465,120,112,33,1,33,1,0
Random,103,OFF,ON_OFF,5413750,5.41375,-167333,-0.167333,465,120,112,0,0,0,0,34
Random,104,ON,OFF_ON,5135208,5.135208,-48625,-0.048625,465,120,112,33,1,33,1,0
Random,104,OFF,OFF_ON,5183833,5.183833,-48625,-0.048625,465,120,112,0,0,0,0,34
Random,105,ON,ON_OFF,5072166,5.072166,50957,0.050957,465,120,112,33,1,33,1,0
Random,105,OFF,ON_OFF,5021209,5.021209,50957,0.050957,465,120,112,0,0,0,0,34
Random,106,ON,OFF_ON,5004667,5.004667,-149708,-0.149708,465,120,112,33,1,33,1,0
Random,106,OFF,OFF_ON,5154375,5.154375,-149708,-0.149708,465,120,112,0,0,0,0,34
Random,107,ON,ON_OFF,5054875,5.054875,16750,0.01675,465,120,112,33,1,33,1,0
Random,107,OFF,ON_OFF,5038125,5.038125,16750,0.01675,465,120,112,0,0,0,0,34
Random,108,ON,OFF_ON,5163666,5.163666,94124,0.094124,465,120,112,33,1,33,1,0
Random,108,OFF,OFF_ON,5069542,5.069542,94124,0.094124,465,120,112,0,0,0,0,34
Random,109,ON,ON_OFF,5107084,5.107084,-336082,-0.336082,465,120,112,33,1,33,1,0
Random,109,OFF,ON_OFF,5443166,5.443166,-336082,-0.336082,465,120,112,0,0,0,0,34
Random,110,ON,OFF_ON,5197375,5.197375,-165292,-0.165292,465,120,112,33,1,33,1,0
Random,110,OFF,OFF_ON,5362667,5.362667,-165292,-0.165292,465,120,112,0,0,0,0,34
Random,111,ON,ON_OFF,5247459,5.247459,-30416,-0.030416,465,120,112,33,1,33,1,0
Random,111,OFF,ON_OFF,5277875,5.277875,-30416,-0.030416,465,120,112,0,0,0,0,34
Random,112,ON,OFF_ON,5085375,5.085375,-133583,-0.133583,465,120,112,33,1,33,1,0
Random,112,OFF,OFF_ON,5218958,5.218958,-133583,-0.133583,465,120,112,0,0,0,0,34
Random,113,ON,ON_OFF,5205542,5.205542,159834,0.159834,465,120,112,33,1,33,1,0
Random,113,OFF,ON_OFF,5045708,5.045708,159834,0.159834,465,120,112,0,0,0,0,34
Random,114,ON,OFF_ON,5151375,5.151375,57791,0.057791,465,120,112,33,1,33,1,0
Random,114,OFF,OFF_ON,5093584,5.093584,57791,0.057791,465,120,112,0,0,0,0,34
Random,115,ON,ON_OFF,5036083,5.036083,-52084,-0.052084,465,120,112,33,1,33,1,0
Random,115,OFF,ON_OFF,5088167,5.088167,-52084,-0.052084,465,120,112,0,0,0,0,34
Random,116,ON,OFF_ON,5109791,5.109791,-202167,-0.202167,465,120,112,33,1,33,1,0
Random,116,OFF,OFF_ON,5311958,5.311958,-202167,-0.202167,465,120,112,0,0,0,0,34
Random,117,ON,ON_OFF,5110167,5.110167,-48124,-0.048124,465,120,112,33,1,33,1,0
Random,117,OFF,ON_OFF,5158291,5.158291,-48124,-0.048124,465,120,112,0,0,0,0,34
Random,118,ON,OFF_ON,5188542,5.188542,-235958,-0.235958,465,120,112,33,1,33,1,0
Random,118,OFF,OFF_ON,5424500,5.4245,-235958,-0.235958,465,120,112,0,0,0,0,34
Random,119,ON,ON_OFF,5562334,5.562334,411751,0.411751,465,120,112,33,1,33,1,0
Random,119,OFF,ON_OFF,5150583,5.150583,411751,0.411751,465,120,112,0,0,0,0,34
Random,120,ON,OFF_ON,5296000,5.296,75458,0.075458,465,120,112,33,1,33,1,0
Random,120,OFF,OFF_ON,5220542,5.220542,75458,0.075458,465,120,112,0,0,0,0,34
Random,121,ON,ON_OFF,5215084,5.215084,45376,0.045376,465,120,112,33,1,33,1,0
Random,121,OFF,ON_OFF,5169708,5.169708,45376,0.045376,465,120,112,0,0,0,0,34
Random,122,ON,OFF_ON,5186667,5.186667,-167041,-0.167041,465,120,112,33,1,33,1,0
Random,122,OFF,OFF_ON,5353708,5.353708,-167041,-0.167041,465,120,112,0,0,0,0,34
Random,123,ON,ON_OFF,5248417,5.248417,-546291,-0.546291,465,120,112,33,1,33,1,0
Random,123,OFF,ON_OFF,5794708,5.794708,-546291,-0.546291,465,120,112,0,0,0,0,34
Random,124,ON,OFF_ON,5597333,5.597333,235500,0.2355,465,120,112,33,1,33,1,0
Random,124,OFF,OFF_ON,5361833,5.361833,235500,0.2355,465,120,112,0,0,0,0,34
Random,125,ON,ON_OFF,5156250,5.15625,-20209334,-20.209334,465,120,112,33,1,33,1,0
Random,125,OFF,ON_OFF,25365584,25.365584,-20209334,-20.209334,465,120,112,0,0,0,0,34
Random,126,ON,OFF_ON,5277708,5.277708,-219001,-0.219001,465,120,112,33,1,33,1,0
Random,126,OFF,OFF_ON,5496709,5.496709,-219001,-0.219001,465,120,112,0,0,0,0,34
Random,127,ON,ON_OFF,5219000,5.219,125042,0.125042,465,120,112,33,1,33,1,0
Random,127,OFF,ON_OFF,5093958,5.093958,125042,0.125042,465,120,112,0,0,0,0,34
Random,128,ON,OFF_ON,5197250,5.19725,137834,0.137834,465,120,112,33,1,33,1,0
Random,128,OFF,OFF_ON,5059416,5.059416,137834,0.137834,465,120,112,0,0,0,0,34
Random,129,ON,ON_OFF,5111292,5.111292,43042,0.043042,465,120,112,33,1,33,1,0
Random,129,OFF,ON_OFF,5068250,5.06825,43042,0.043042,465,120,112,0,0,0,0,34
Random,130,ON,OFF_ON,5035708,5.035708,-26709,-0.026709,465,120,112,33,1,33,1,0
Random,130,OFF,OFF_ON,5062417,5.062417,-26709,-0.026709,465,120,112,0,0,0,0,34
Random,131,ON,ON_OFF,5081916,5.081916,-102793,-0.102793,465,120,112,33,1,33,1,0
Random,131,OFF,ON_OFF,5184709,5.184709,-102793,-0.102793,465,120,112,0,0,0,0,34
Random,132,ON,OFF_ON,5120875,5.120875,48958,0.048958,465,120,112,33,1,33,1,0
Random,132,OFF,OFF_ON,5071917,5.071917,48958,0.048958,465,120,112,0,0,0,0,34
Random,133,ON,ON_OFF,5000625,5.000625,-77042,-0.077042,465,120,112,33,1,33,1,0
Random,133,OFF,ON_OFF,5077667,5.077667,-77042,-0.077042,465,120,112,0,0,0,0,34
Random,134,ON,OFF_ON,5113334,5.113334,57501,0.057501,465,120,112,33,1,33,1,0
Random,134,OFF,OFF_ON,5055833,5.055833,57501,0.057501,465,120,112,0,0,0,0,34
Random,135,ON,ON_OFF,5047666,5.047666,81874,0.081874,465,120,112,33,1,33,1,0
Random,135,OFF,ON_OFF,4965792,4.965792,81874,0.081874,465,120,112,0,0,0,0,34
Random,136,ON,OFF_ON,4966625,4.966625,-68917,-0.068917,465,120,112,33,1,33,1,0
Random,136,OFF,OFF_ON,5035542,5.035542,-68917,-0.068917,465,120,112,0,0,0,0,34
Random,137,ON,ON_OFF,5115708,5.115708,-32750,-0.03275,465,120,112,33,1,33,1,0
Random,137,OFF,ON_OFF,5148458,5.148458,-32750,-0.03275,465,120,112,0,0,0,0,34
Random,138,ON,OFF_ON,5059625,5.059625,108000,0.108,465,120,112,33,1,33,1,0
Random,138,OFF,OFF_ON,4951625,4.951625,108000,0.108,465,120,112,0,0,0,0,34
Random,139,ON,ON_OFF,5130833,5.130833,126708,0.126708,465,120,112,33,1,33,1,0
Random,139,OFF,ON_OFF,5004125,5.004125,126708,0.126708,465,120,112,0,0,0,0,34
Random,140,ON,OFF_ON,5153250,5.15325,151459,0.151459,465,120,112,33,1,33,1,0
Random,140,OFF,OFF_ON,5001791,5.001791,151459,0.151459,465,120,112,0,0,0,0,34
Random,141,ON,ON_OFF,5050791,5.050791,-44876,-0.044876,465,120,112,33,1,33,1,0
Random,141,OFF,ON_OFF,5095667,5.095667,-44876,-0.044876,465,120,112,0,0,0,0,34
Random,142,ON,OFF_ON,5063000,5.063,94208,0.094208,465,120,112,33,1,33,1,0
Random,142,OFF,OFF_ON,4968792,4.968792,94208,0.094208,465,120,112,0,0,0,0,34
Random,143,ON,ON_OFF,5099750,5.09975,-47250,-0.04725,465,120,112,33,1,33,1,0
Random,143,OFF,ON_OFF,5147000,5.147,-47250,-0.04725,465,120,112,0,0,0,0,34
Random,144,ON,OFF_ON,5118709,5.118709,37500,0.0375,465,120,112,33,1,33,1,0
Random,144,OFF,OFF_ON,5081209,5.081209,37500,0.0375,465,120,112,0,0,0,0,34
Random,145,ON,ON_OFF,5194334,5.194334,119126,0.119126,465,120,112,33,1,33,1,0
Random,145,OFF,ON_OFF,5075208,5.075208,119126,0.119126,465,120,112,0,0,0,0,34
Random,146,ON,OFF_ON,5187542,5.187542,143917,0.143917,465,120,112,33,1,33,1,0
Random,146,OFF,OFF_ON,5043625,5.043625,143917,0.143917,465,120,112,0,0,0,0,34
Random,147,ON,ON_OFF,5108666,5.108666,41208,0.041208,465,120,112,33,1,33,1,0
Random,147,OFF,ON_OFF,5067458,5.067458,41208,0.041208,465,120,112,0,0,0,0,34
Random,148,ON,OFF_ON,5134541,5.134541,-12751,-0.012751,465,120,112,33,1,33,1,0
Random,148,OFF,OFF_ON,5147292,5.147292,-12751,-0.012751,465,120,112,0,0,0,0,34
Random,149,ON,ON_OFF,5114500,5.1145,-3750,-0.00375,465,120,112,33,1,33,1,0
Random,149,OFF,ON_OFF,5118250,5.11825,-3750,-0.00375,465,120,112,0,0,0,0,34
Random,150,ON,OFF_ON,5201125,5.201125,32583,0.032583,465,120,112,33,1,33,1,0
Random,150,OFF,OFF_ON,5168542,5.168542,32583,0.032583,465,120,112,0,0,0,0,34
Random,151,ON,ON_OFF,5177583,5.177583,-378792,-0.378792,465,120,112,33,1,33,1,0
Random,151,OFF,ON_OFF,5556375,5.556375,-378792,-0.378792,465,120,112,0,0,0,0,34
Random,152,ON,OFF_ON,5503667,5.503667,276708,0.276708,465,120,112,33,1,33,1,0
Random,152,OFF,OFF_ON,5226959,5.226959,276708,0.276708,465,120,112,0,0,0,0,34
Random,153,ON,ON_OFF,5083667,5.083667,-320208,-0.320208,465,120,112,33,1,33,1,0
Random,153,OFF,ON_OFF,5403875,5.403875,-320208,-0.320208,465,120,112,0,0,0,0,34
Random,154,ON,OFF_ON,5565625,5.565625,-83417,-0.083417,465,120,112,33,1,33,1,0
Random,154,OFF,OFF_ON,5649042,5.649042,-83417,-0.083417,465,120,112,0,0,0,0,34
Random,155,ON,ON_OFF,5163833,5.163833,-241375,-0.241375,465,120,112,33,1,33,1,0
Random,155,OFF,ON_OFF,5405208,5.405208,-241375,-0.241375,465,120,112,0,0,0,0,34
Random,156,ON,OFF_ON,5077084,5.077084,-38082,-0.038082,465,120,112,33,1,33,1,0
Random,156,OFF,OFF_ON,5115166,5.115166,-38082,-0.038082,465,120,112,0,0,0,0,34
Random,157,ON,ON_OFF,5159375,5.159375,40583,0.040583,465,120,112,33,1,33,1,0
Random,157,OFF,ON_OFF,5118792,5.118792,40583,0.040583,465,120,112,0,0,0,0,34
Random,158,ON,OFF_ON,5081125,5.081125,37667,0.037667,465,120,112,33,1,33,1,0
Random,158,OFF,OFF_ON,5043458,5.043458,37667,0.037667,465,120,112,0,0,0,0,34
Random,159,ON,ON_OFF,5033458,5.033458,-8208,-0.008208,465,120,112,33,1,33,1,0
Random,159,OFF,ON_OFF,5041666,5.041666,-8208,-0.008208,465,120,112,0,0,0,0,34
Random,160,ON,OFF_ON,4997625,4.997625,40292,0.040292,465,120,112,33,1,33,1,0
Random,160,OFF,OFF_ON,4957333,4.957333,40292,0.040292,465,120,112,0,0,0,0,34
Random,161,ON,ON_OFF,5054709,5.054709,14125,0.014125,465,120,112,33,1,33,1,0
Random,161,OFF,ON_OFF,5040584,5.040584,14125,0.014125,465,120,112,0,0,0,0,34
Random,162,ON,OFF_ON,5049917,5.049917,87917,0.087917,465,120,112,33,1,33,1,0
Random,162,OFF,OFF_ON,4962000,4.962,87917,0.087917,465,120,112,0,0,0,0,34
Random,163,ON,ON_OFF,4960667,4.960667,18375,0.018375,465,120,112,33,1,33,1,0
Random,163,OFF,ON_OFF,4942292,4.942292,18375,0.018375,465,120,112,0,0,0,0,34
Random,164,ON,OFF_ON,5074584,5.074584,-111124,-0.111124,465,120,112,33,1,33,1,0
Random,164,OFF,OFF_ON,5185708,5.185708,-111124,-0.111124,465,120,112,0,0,0,0,34
Random,165,ON,ON_OFF,5044834,5.044834,-31166,-0.031166,465,120,112,33,1,33,1,0
Random,165,OFF,ON_OFF,5076000,5.076,-31166,-0.031166,465,120,112,0,0,0,0,34
Random,166,ON,OFF_ON,5041666,5.041666,21041,0.021041,465,120,112,33,1,33,1,0
Random,166,OFF,OFF_ON,5020625,5.020625,21041,0.021041,465,120,112,0,0,0,0,34
Random,167,ON,ON_OFF,5171750,5.17175,107042,0.107042,465,120,112,33,1,33,1,0
Random,167,OFF,ON_OFF,5064708,5.064708,107042,0.107042,465,120,112,0,0,0,0,34
Random,168,ON,OFF_ON,5115250,5.11525,34125,0.034125,465,120,112,33,1,33,1,0
Random,168,OFF,OFF_ON,5081125,5.081125,34125,0.034125,465,120,112,0,0,0,0,34
Random,169,ON,ON_OFF,5091500,5.0915,-2375,-0.002375,465,120,112,33,1,33,1,0
Random,169,OFF,ON_OFF,5093875,5.093875,-2375,-0.002375,465,120,112,0,0,0,0,34
Random,170,ON,OFF_ON,5125541,5.125541,2791,0.002791,465,120,112,33,1,33,1,0
Random,170,OFF,OFF_ON,5122750,5.12275,2791,0.002791,465,120,112,0,0,0,0,34
Random,171,ON,ON_OFF,5327834,5.327834,216834,0.216834,465,120,112,33,1,33,1,0
Random,171,OFF,ON_OFF,5111000,5.111,216834,0.216834,465,120,112,0,0,0,0,34
Random,172,ON,OFF_ON,5126958,5.126958,-172209,-0.172209,465,120,112,33,1,33,1,0
Random,172,OFF,OFF_ON,5299167,5.299167,-172209,-0.172209,465,120,112,0,0,0,0,34
Random,173,ON,ON_OFF,5090958,5.090958,50167,0.050167,465,120,112,33,1,33,1,0
Random,173,OFF,ON_OFF,5040791,5.040791,50167,0.050167,465,120,112,0,0,0,0,34
Random,174,ON,OFF_ON,4999375,4.999375,-70375,-0.070375,465,120,112,33,1,33,1,0
Random,174,OFF,OFF_ON,5069750,5.06975,-70375,-0.070375,465,120,112,0,0,0,0,34
Random,175,ON,ON_OFF,5099667,5.099667,87459,0.087459,465,120,112,33,1,33,1,0
Random,175,OFF,ON_OFF,5012208,5.012208,87459,0.087459,465,120,112,0,0,0,0,34
Random,176,ON,OFF_ON,5093959,5.093959,77334,0.077334,465,120,112,33,1,33,1,0
Random,176,OFF,OFF_ON,5016625,5.016625,77334,0.077334,465,120,112,0,0,0,0,34
Random,177,ON,ON_OFF,5113583,5.113583,42124,0.042124,465,120,112,33,1,33,1,0
Random,177,OFF,ON_OFF,5071459,5.071459,42124,0.042124,465,120,112,0,0,0,0,34
Random,178,ON,OFF_ON,5011791,5.011791,-68542,-0.068542,465,120,112,33,1,33,1,0
Random,178,OFF,OFF_ON,5080333,5.080333,-68542,-0.068542,465,120,112,0,0,0,0,34
Random,179,ON,ON_OFF,5146042,5.146042,-11958,-0.011958,465,120,112,33,1,33,1,0
Random,179,OFF,ON_OFF,5158000,5.158,-11958,-0.011958,465,120,112,0,0,0,0,34
Random,180,ON,OFF_ON,5146166,5.146166,108249,0.108249,465,120,112,33,1,33,1,0
Random,180,OFF,OFF_ON,5037917,5.037917,108249,0.108249,465,120,112,0,0,0,0,34
Random,181,ON,ON_OFF,5167000,5.167,187959,0.187959,465,120,112,33,1,33,1,0
Random,181,OFF,ON_OFF,4979041,4.979041,187959,0.187959,465,120,112,0,0,0,0,34
Random,182,ON,OFF_ON,5239709,5.239709,140709,0.140709,465,120,112,33,1,33,1,0
Random,182,OFF,OFF_ON,5099000,5.099,140709,0.140709,465,120,112,0,0,0,0,34
Random,183,ON,ON_OFF,5045000,5.045,-37000,-0.037,465,120,112,33,1,33,1,0
Random,183,OFF,ON_OFF,5082000,5.082,-37000,-0.037,465,120,112,0,0,0,0,34
Random,184,ON,OFF_ON,5083459,5.083459,-35541,-0.035541,465,120,112,33,1,33,1,0
Random,184,OFF,OFF_ON,5119000,5.119,-35541,-0.035541,465,120,112,0,0,0,0,34
Random,185,ON,ON_OFF,5049792,5.049792,-113167,-0.113167,465,120,112,33,1,33,1,0
Random,185,OFF,ON_OFF,5162959,5.162959,-113167,-0.113167,465,120,112,0,0,0,0,34
Random,186,ON,OFF_ON,5598125,5.598125,-18999209,-18.999209,465,120,112,33,1,33,1,0
Random,186,OFF,OFF_ON,24597334,24.597334,-18999209,-18.999209,465,120,112,0,0,0,0,34
Random,187,ON,ON_OFF,5408958,5.408958,128916,0.128916,465,120,112,33,1,33,1,0
Random,187,OFF,ON_OFF,5280042,5.280042,128916,0.128916,465,120,112,0,0,0,0,34
Random,188,ON,OFF_ON,5161375,5.161375,-8834,-0.008834,465,120,112,33,1,33,1,0
Random,188,OFF,OFF_ON,5170209,5.170209,-8834,-0.008834,465,120,112,0,0,0,0,34
Random,189,ON,ON_OFF,5192792,5.192792,-210500,-0.2105,465,120,112,33,1,33,1,0
Random,189,OFF,ON_OFF,5403292,5.403292,-210500,-0.2105,465,120,112,0,0,0,0,34
Random,190,ON,OFF_ON,5145500,5.1455,104833,0.104833,465,120,112,33,1,33,1,0
Random,190,OFF,OFF_ON,5040667,5.040667,104833,0.104833,465,120,112,0,0,0,0,34
Random,191,ON,ON_OFF,5275000,5.275,250292,0.250292,465,120,112,33,1,33,1,0
Random,191,OFF,ON_OFF,5024708,5.024708,250292,0.250292,465,120,112,0,0,0,0,34
Random,192,ON,OFF_ON,5161334,5.161334,55625,0.055625,465,120,112,33,1,33,1,0
Random,192,OFF,OFF_ON,5105709,5.105709,55625,0.055625,465,120,112,0,0,0,0,34
Random,193,ON,ON_OFF,5109334,5.109334,74209,0.074209,465,120,112,33,1,33,1,0
Random,193,OFF,ON_OFF,5035125,5.035125,74209,0.074209,465,120,112,0,0,0,0,34
Random,194,ON,OFF_ON,5052917,5.052917,69292,0.069292,465,120,112,33,1,33,1,0
Random,194,OFF,OFF_ON,4983625,4.983625,69292,0.069292,465,120,112,0,0,0,0,34
Random,195,ON,ON_OFF,5134250,5.13425,36500,0.0365,465,120,112,33,1,33,1,0
Random,195,OFF,ON_OFF,5097750,5.09775,36500,0.0365,465,120,112,0,0,0,0,34
Random,196,ON,OFF_ON,5095959,5.095959,157459,0.157459,465,120,112,33,1,33,1,0
Random,196,OFF,OFF_ON,4938500,4.9385,157459,0.157459,465,120,112,0,0,0,0,34
Random,197,ON,ON_OFF,5014708,5.014708,3541,0.003541,465,120,112,33,1,33,1,0
Random,197,OFF,ON_OFF,5011167,5.011167,3541,0.003541,465,120,112,0,0,0,0,34
Random,198,ON,OFF_ON,5021000,5.021,-584,-0.000584,465,120,112,33,1,33,1,0
Random,198,OFF,OFF_ON,5021584,5.021584,-584,-0.000584,465,120,112,0,0,0,0,34
Random,199,ON,ON_OFF,5030667,5.030667,39334,0.039334,465,120,112,33,1,33,1,0
Random,199,OFF,ON_OFF,4991333,4.991333,39334,0.039334,465,120,112,0,0,0,0,34
Random,200,ON,OFF_ON,5066584,5.066584,83250,0.08325,465,120,112,33,1,33,1,0
Random,200,OFF,OFF_ON,4983334,4.983334,83250,0.08325,465,120,112,0,0,0,0,34
Random,201,ON,ON_OFF,5100917,5.100917,-252500,-0.2525,465,120,112,33,1,33,1,0
Random,201,OFF,ON_OFF,5353417,5.353417,-252500,-0.2525,465,120,112,0,0,0,0,34
Random,202,ON,OFF_ON,5309875,5.309875,-38125,-0.038125,465,120,112,33,1,33,1,0
Random,202,OFF,OFF_ON,5348000,5.348,-38125,-0.038125,465,120,112,0,0,0,0,34
Random,203,ON,ON_OFF,5082000,5.082,38208,0.038208,465,120,112,33,1,33,1,0
Random,203,OFF,ON_OFF,5043792,5.043792,38208,0.038208,465,120,112,0,0,0,0,34
Random,204,ON,OFF_ON,5080958,5.080958,10958,0.010958,465,120,112,33,1,33,1,0
Random,204,OFF,OFF_ON,5070000,5.07,10958,0.010958,465,120,112,0,0,0,0,34
Random,205,ON,ON_OFF,5133666,5.133666,75749,0.075749,465,120,112,33,1,33,1,0
Random,205,OFF,ON_OFF,5057917,5.057917,75749,0.075749,465,120,112,0,0,0,0,34
Random,206,ON,OFF_ON,5155417,5.155417,102167,0.102167,465,120,112,33,1,33,1,0
Random,206,OFF,OFF_ON,5053250,5.05325,102167,0.102167,465,120,112,0,0,0,0,34
Random,207,ON,ON_OFF,5103583,5.103583,86666,0.086666,465,120,112,33,1,33,1,0
Random,207,OFF,ON_OFF,5016917,5.016917,86666,0.086666,465,120,112,0,0,0,0,34
Random,208,ON,OFF_ON,5119417,5.119417,92501,0.092501,465,120,112,33,1,33,1,0
Random,208,OFF,OFF_ON,5026916,5.026916,92501,0.092501,465,120,112,0,0,0,0,34
Random,209,ON,ON_OFF,5096708,5.096708,96625,0.096625,465,120,112,33,1,33,1,0
Random,209,OFF,ON_OFF,5000083,5.000083,96625,0.096625,465,120,112,0,0,0,0,34
Random,210,ON,OFF_ON,5060416,5.060416,-80876,-0.080876,465,120,112,33,1,33,1,0
Random,210,OFF,OFF_ON,5141292,5.141292,-80876,-0.080876,465,120,112,0,0,0,0,34
Random,211,ON,ON_OFF,5033750,5.03375,19583,0.019583,465,120,112,33,1,33,1,0
Random,211,OFF,ON_OFF,5014167,5.014167,19583,0.019583,465,120,112,0,0,0,0,34
Random,212,ON,OFF_ON,5201333,5.201333,133125,0.133125,465,120,112,33,1,33,1,0
Random,212,OFF,OFF_ON,5068208,5.068208,133125,0.133125,465,120,112,0,0,0,0,34
Random,213,ON,ON_OFF,5093541,5.093541,50166,0.050166,465,120,112,33,1,33,1,0
Random,213,OFF,ON_OFF,5043375,5.043375,50166,0.050166,465,120,112,0,0,0,0,34
Random,214,ON,OFF_ON,5078916,5.078916,-262167,-0.262167,465,120,112,33,1,33,1,0
Random,214,OFF,OFF_ON,5341083,5.341083,-262167,-0.262167,465,120,112,0,0,0,0,34
Random,215,ON,ON_OFF,5091417,5.091417,-15083,-0.015083,465,120,112,33,1,33,1,0
Random,215,OFF,ON_OFF,5106500,5.1065,-15083,-0.015083,465,120,112,0,0,0,0,34
Random,216,ON,OFF_ON,5065125,5.065125,48792,0.048792,465,120,112,33,1,33,1,0
Random,216,OFF,OFF_ON,5016333,5.016333,48792,0.048792,465,120,112,0,0,0,0,34
Random,217,ON,ON_OFF,5058334,5.058334,-406291,-0.406291,465,120,112,33,1,33,1,0
Random,217,OFF,ON_OFF,5464625,5.464625,-406291,-0.406291,465,120,112,0,0,0,0,34
Random,218,ON,OFF_ON,5043583,5.043583,-373250,-0.37325,465,120,112,33,1,33,1,0
Random,218,OFF,OFF_ON,5416833,5.416833,-373250,-0.37325,465,120,112,0,0,0,0,34
Random,219,ON,ON_OFF,5090917,5.090917,-67917,-0.067917,465,120,112,33,1,33,1,0
Random,219,OFF,ON_OFF,5158834,5.158834,-67917,-0.067917,465,120,112,0,0,0,0,34
Random,220,ON,OFF_ON,5112250,5.11225,63458,0.063458,465,120,112,33,1,33,1,0
Random,220,OFF,OFF_ON,5048792,5.048792,63458,0.063458,465,120,112,0,0,0,0,34
Random,221,ON,ON_OFF,5386541,5.386541,299249,0.299249,465,120,112,33,1,33,1,0
Random,221,OFF,ON_OFF,5087292,5.087292,299249,0.299249,465,120,112,0,0,0,0,34
Random,222,ON,OFF_ON,5294416,5.294416,175707,0.175707,465,120,112,33,1,33,1,0
Random,222,OFF,OFF_ON,5118709,5.118709,175707,0.175707,465,120,112,0,0,0,0,34
Random,223,ON,ON_OFF,5170833,5.170833,78875,0.078875,465,120,112,33,1,33,1,0
Random,223,OFF,ON_OFF,5091958,5.091958,78875,0.078875,465,120,112,0,0,0,0,34
Random,224,ON,OFF_ON,5077667,5.077667,103667,0.103667,465,120,112,33,1,33,1,0
Random,224,OFF,OFF_ON,4974000,4.974,103667,0.103667,465,120,112,0,0,0,0,34
Random,225,ON,ON_OFF,5191542,5.191542,135042,0.135042,465,120,112,33,1,33,1,0
Random,225,OFF,ON_OFF,5056500,5.0565,135042,0.135042,465,120,112,0,0,0,0,34
Random,226,ON,OFF_ON,5224541,5.224541,200291,0.200291,465,120,112,33,1,33,1,0
Random,226,OFF,OFF_ON,5024250,5.02425,200291,0.200291,465,120,112,0,0,0,0,34
Random,227,ON,ON_OFF,5038083,5.038083,25667,0.025667,465,120,112,33,1,33,1,0
Random,227,OFF,ON_OFF,5012416,5.012416,25667,0.025667,465,120,112,0,0,0,0,34
Random,228,ON,OFF_ON,5063625,5.063625,33667,0.033667,465,120,112,33,1,33,1,0
Random,228,OFF,OFF_ON,5029958,5.029958,33667,0.033667,465,120,112,0,0,0,0,34
Random,229,ON,ON_OFF,5013209,5.013209,41126,0.041126,465,120,112,33,1,33,1,0
Random,229,OFF,ON_OFF,4972083,4.972083,41126,0.041126,465,120,112,0,0,0,0,34
Random,230,ON,OFF_ON,5085875,5.085875,-5333,-0.005333,465,120,112,33,1,33,1,0
Random,230,OFF,OFF_ON,5091208,5.091208,-5333,-0.005333,465,120,112,0,0,0,0,34
Random,231,ON,ON_OFF,5091083,5.091083,49083,0.049083,465,120,112,33,1,33,1,0
Random,231,OFF,ON_OFF,5042000,5.042,49083,0.049083,465,120,112,0,0,0,0,34
Random,232,ON,OFF_ON,5007834,5.007834,30376,0.030376,465,120,112,33,1,33,1,0
Random,232,OFF,OFF_ON,4977458,4.977458,30376,0.030376,465,120,112,0,0,0,0,34
Random,233,ON,ON_OFF,5132583,5.132583,117333,0.117333,465,120,112,33,1,33,1,0
Random,233,OFF,ON_OFF,5015250,5.01525,117333,0.117333,465,120,112,0,0,0,0,34
Random,234,ON,OFF_ON,5069375,5.069375,-105750,-0.10575,465,120,112,33,1,33,1,0
Random,234,OFF,OFF_ON,5175125,5.175125,-105750,-0.10575,465,120,112,0,0,0,0,34
Random,235,ON,ON_OFF,5066792,5.066792,12709,0.012709,465,120,112,33,1,33,1,0
Random,235,OFF,ON_OFF,5054083,5.054083,12709,0.012709,465,120,112,0,0,0,0,34
Random,236,ON,OFF_ON,5143834,5.143834,3792,0.003792,465,120,112,33,1,33,1,0
Random,236,OFF,OFF_ON,5140042,5.140042,3792,0.003792,465,120,112,0,0,0,0,34
Random,237,ON,ON_OFF,5104125,5.104125,11750,0.01175,465,120,112,33,1,33,1,0
Random,237,OFF,ON_OFF,5092375,5.092375,11750,0.01175,465,120,112,0,0,0,0,34
Random,238,ON,OFF_ON,5037083,5.037083,-41834,-0.041834,465,120,112,33,1,33,1,0
Random,238,OFF,OFF_ON,5078917,5.078917,-41834,-0.041834,465,120,112,0,0,0,0,34
Random,239,ON,ON_OFF,5398167,5.398167,219834,0.219834,465,120,112,33,1,33,1,0
Random,239,OFF,ON_OFF,5178333,5.178333,219834,0.219834,465,120,112,0,0,0,0,34
Random,240,ON,OFF_ON,5077625,5.077625,29167,0.029167,465,120,112,33,1,33,1,0
Random,240,OFF,OFF_ON,5048458,5.048458,29167,0.029167,465,120,112,0,0,0,0,34
Random,241,ON,ON_OFF,5181917,5.181917,133167,0.133167,465,120,112,33,1,33,1,0
Random,241,OFF,ON_OFF,5048750,5.04875,133167,0.133167,465,120,112,0,0,0,0,34
Random,242,ON,OFF_ON,5354666,5.354666,358958,0.358958,465,120,112,33,1,33,1,0
Random,242,OFF,OFF_ON,4995708,4.995708,358958,0.358958,465,120,112,0,0,0,0,34
Random,243,ON,ON_OFF,5163958,5.163958,68500,0.0685,465,120,112,33,1,33,1,0
Random,243,OFF,ON_OFF,5095458,5.095458,68500,0.0685,465,120,112,0,0,0,0,34
Random,244,ON,OFF_ON,5064000,5.064,-137625,-0.137625,465,120,112,33,1,33,1,0
Random,244,OFF,OFF_ON,5201625,5.201625,-137625,-0.137625,465,120,112,0,0,0,0,34
Random,245,ON,ON_OFF,5081833,5.081833,70708,0.070708,465,120,112,33,1,33,1,0
Random,245,OFF,ON_OFF,5011125,5.011125,70708,0.070708,465,120,112,0,0,0,0,34
Random,246,ON,OFF_ON,5225916,5.225916,164000,0.164,465,120,112,33,1,33,1,0
Random,246,OFF,OFF_ON,5061916,5.061916,164000,0.164,465,120,112,0,0,0,0,34
Random,247,ON,ON_OFF,5035208,5.035208,-116126,-0.116126,465,120,112,33,1,33,1,0
Random,247,OFF,ON_OFF,5151334,5.151334,-116126,-0.116126,465,120,112,0,0,0,0,34
Random,248,ON,OFF_ON,5094416,5.094416,38666,0.038666,465,120,112,33,1,33,1,0
Random,248,OFF,OFF_ON,5055750,5.05575,38666,0.038666,465,120,112,0,0,0,0,34
Random,249,ON,ON_OFF,5051000,5.051,-179209,-0.179209,465,120,112,33,1,33,1,0
Random,249,OFF,ON_OFF,5230209,5.230209,-179209,-0.179209,465,120,112,0,0,0,0,34
Random,250,ON,OFF_ON,5031667,5.031667,-20875,-0.020875,465,120,112,33,1,33,1,0
Random,250,OFF,OFF_ON,5052542,5.052542,-20875,-0.020875,465,120,112,0,0,0,0,34
Random,251,ON,ON_OFF,5140917,5.140917,-114999,-0.114999,465,120,112,33,1,33,1,0
Random,251,OFF,ON_OFF,5255916,5.255916,-114999,-0.114999,465,120,112,0,0,0,0,34
Random,252,ON,OFF_ON,5465500,5.4655,304125,0.304125,465,120,112,33,1,33,1,0
Random,252,OFF,OFF_ON,5161375,5.161375,304125,0.304125,465,120,112,0,0,0,0,34
Random,253,ON,ON_OFF,5121083,5.121083,31291,0.031291,465,120,112,33,1,33,1,0
Random,253,OFF,ON_OFF,5089792,5.089792,31291,0.031291,465,120,112,0,0,0,0,34
Random,254,ON,OFF_ON,5074709,5.074709,-387916,-0.387916,465,120,112,33,1,33,1,0
Random,254,OFF,OFF_ON,5462625,5.462625,-387916,-0.387916,465,120,112,0,0,0,0,34
Random,255,ON,ON_OFF,5330583,5.330583,-119250,-0.11925,465,120,112,33,1,33,1,0
Random,255,OFF,ON_OFF,5449833,5.449833,-119250,-0.11925,465,120,112,0,0,0,0,34
Random,256,ON,OFF_ON,5315084,5.315084,139209,0.139209,465,120,112,33,1,33,1,0
Random,256,OFF,OFF_ON,5175875,5.175875,139209,0.139209,465,120,112,0,0,0,0,34
Random,257,ON,ON_OFF,5072000,5.072,-92917,-0.092917,465,120,112,33,1,33,1,0
Random,257,OFF,ON_OFF,5164917,5.164917,-92917,-0.092917,465,120,112,0,0,0,0,34
Random,258,ON,OFF_ON,5079791,5.079791,-132584,-0.132584,465,120,112,33,1,33,1,0
Random,258,OFF,OFF_ON,5212375,5.212375,-132584,-0.132584,465,120,112,0,0,0,0,34
Random,259,ON,ON_OFF,5128333,5.128333,32000,0.032,465,120,112,33,1,33,1,0
Random,259,OFF,ON_OFF,5096333,5.096333,32000,0.032,465,120,112,0,0,0,0,34
Random,260,ON,OFF_ON,5064625,5.064625,35625,0.035625,465,120,112,33,1,33,1,0
Random,260,OFF,OFF_ON,5029000,5.029,35625,0.035625,465,120,112,0,0,0,0,34
Random,261,ON,ON_OFF,5284459,5.284459,265000,0.265,465,120,112,33,1,33,1,0
Random,261,OFF,ON_OFF,5019459,5.019459,265000,0.265,465,120,112,0,0,0,0,34
Random,262,ON,OFF_ON,5452083,5.452083,404708,0.404708,465,120,112,33,1,33,1,0
Random,262,OFF,OFF_ON,5047375,5.047375,404708,0.404708,465,120,112,0,0,0,0,34
Random,263,ON,ON_OFF,5157792,5.157792,13000,0.013,465,120,112,33,1,33,1,0
Random,263,OFF,ON_OFF,5144792,5.144792,13000,0.013,465,120,112,0,0,0,0,34
Random,264,ON,OFF_ON,5059958,5.059958,23875,0.023875,465,120,112,33,1,33,1,0
Random,264,OFF,OFF_ON,5036083,5.036083,23875,0.023875,465,120,112,0,0,0,0,34
Random,265,ON,ON_OFF,5239541,5.239541,86125,0.086125,465,120,112,33,1,33,1,0
Random,265,OFF,ON_OFF,5153416,5.153416,86125,0.086125,465,120,112,0,0,0,0,34
Random,266,ON,OFF_ON,5126625,5.126625,-83208,-0.083208,465,120,112,33,1,33,1,0
Random,266,OFF,OFF_ON,5209833,5.209833,-83208,-0.083208,465,120,112,0,0,0,0,34
Random,267,ON,ON_OFF,5179791,5.179791,128166,0.128166,465,120,112,33,1,33,1,0
Random,267,OFF,ON_OFF,5051625,5.051625,128166,0.128166,465,120,112,0,0,0,0,34
Random,268,ON,OFF_ON,5182542,5.182542,-28000,-0.028,465,120,112,33,1,33,1,0
Random,268,OFF,OFF_ON,5210542,5.210542,-28000,-0.028,465,120,112,0,0,0,0,34
Random,269,ON,ON_OFF,5026208,5.026208,-324167,-0.324167,465,120,112,33,1,33,1,0
Random,269,OFF,ON_OFF,5350375,5.350375,-324167,-0.324167,465,120,112,0,0,0,0,34
Random,270,ON,OFF_ON,5142541,5.142541,-32459,-0.032459,465,120,112,33,1,33,1,0
Random,270,OFF,OFF_ON,5175000,5.175,-32459,-0.032459,465,120,112,0,0,0,0,34
Random,271,ON,ON_OFF,5093833,5.093833,66667,0.066667,465,120,112,33,1,33,1,0
Random,271,OFF,ON_OFF,5027166,5.027166,66667,0.066667,465,120,112,0,0,0,0,34
Random,272,ON,OFF_ON,5162125,5.162125,25958,0.025958,465,120,112,33,1,33,1,0
Random,272,OFF,OFF_ON,5136167,5.136167,25958,0.025958,465,120,112,0,0,0,0,34
Random,273,ON,ON_OFF,5168291,5.168291,-6084,-0.006084,465,120,112,33,1,33,1,0
Random,273,OFF,ON_OFF,5174375,5.174375,-6084,-0.006084,465,120,112,0,0,0,0,34
Random,274,ON,OFF_ON,5109292,5.109292,19167,0.019167,465,120,112,33,1,33,1,0
Random,274,OFF,OFF_ON,5090125,5.090125,19167,0.019167,465,120,112,0,0,0,0,34
Random,275,ON,ON_OFF,5121041,5.121041,80166,0.080166,465,120,112,33,1,33,1,0
Random,275,OFF,ON_OFF,5040875,5.040875,80166,0.080166,465,120,112,0,0,0,0,34
Random,276,ON,OFF_ON,5160291,5.160291,135083,0.135083,465,120,112,33,1,33,1,0
Random,276,OFF,OFF_ON,5025208,5.025208,135083,0.135083,465,120,112,0,0,0,0,34
Random,277,ON,ON_OFF,5133792,5.133792,160084,0.160084,465,120,112,33,1,33,1,0
Random,277,OFF,ON_OFF,4973708,4.973708,160084,0.160084,465,120,112,0,0,0,0,34
Random,278,ON,OFF_ON,5026375,5.026375,-92333,-0.092333,465,120,112,33,1,33,1,0
Random,278,OFF,OFF_ON,5118708,5.118708,-92333,-0.092333,465,120,112,0,0,0,0,34
Random,279,ON,ON_OFF,5013584,5.013584,-29083,-0.029083,465,120,112,33,1,33,1,0
Random,279,OFF,ON_OFF,5042667,5.042667,-29083,-0.029083,465,120,112,0,0,0,0,34
Random,280,ON,OFF_ON,5096666,5.096666,128541,0.128541,465,120,112,33,1,33,1,0
Random,280,OFF,OFF_ON,4968125,4.968125,128541,0.128541,465,120,112,0,0,0,0,34
Random,281,ON,ON_OFF,5027500,5.0275,35750,0.03575,465,120,112,33,1,33,1,0
Random,281,OFF,ON_OFF,4991750,4.99175,35750,0.03575,465,120,112,0,0,0,0,34
Random,282,ON,OFF_ON,5075000,5.075,44042,0.044042,465,120,112,33,1,33,1,0
Random,282,OFF,OFF_ON,5030958,5.030958,44042,0.044042,465,120,112,0,0,0,0,34
Random,283,ON,ON_OFF,5136584,5.136584,50209,0.050209,465,120,112,33,1,33,1,0
Random,283,OFF,ON_OFF,5086375,5.086375,50209,0.050209,465,120,112,0,0,0,0,34
Random,284,ON,OFF_ON,5183667,5.183667,148500,0.1485,465,120,112,33,1,33,1,0
Random,284,OFF,OFF_ON,5035167,5.035167,148500,0.1485,465,120,112,0,0,0,0,34
Random,285,ON,ON_OFF,5189750,5.18975,243500,0.2435,465,120,112,33,1,33,1,0
Random,285,OFF,ON_OFF,4946250,4.94625,243500,0.2435,465,120,112,0,0,0,0,34
Random,286,ON,OFF_ON,5093584,5.093584,145793,0.145793,465,120,112,33,1,33,1,0
Random,286,OFF,OFF_ON,4947791,4.947791,145793,0.145793,465,120,112,0,0,0,0,34
Random,287,ON,ON_OFF,5071584,5.071584,103293,0.103293,465,120,112,33,1,33,1,0
Random,287,OFF,ON_OFF,4968291,4.968291,103293,0.103293,465,120,112,0,0,0,0,34
Random,288,ON,OFF_ON,5178458,5.178458,8041,0.008041,465,120,112,33,1,33,1,0
Random,288,OFF,OFF_ON,5170417,5.170417,8041,0.008041,465,120,112,0,0,0,0,34
Random,289,ON,ON_OFF,5004667,5.004667,-66875,-0.066875,465,120,112,33,1,33,1,0
Random,289,OFF,ON_OFF,5071542,5.071542,-66875,-0.066875,465,120,112,0,0,0,0,34
Random,290,ON,OFF_ON,5068208,5.068208,38417,0.038417,465,120,112,33,1,33,1,0
Random,290,OFF,OFF_ON,5029791,5.029791,38417,0.038417,465,120,112,0,0,0,0,34
Random,291,ON,ON_OFF,5193167,5.193167,136958,0.136958,465,120,112,33,1,33,1,0
Random,291,OFF,ON_OFF,5056209,5.056209,136958,0.136958,465,120,112,0,0,0,0,34
Random,292,ON,OFF_ON,5044833,5.044833,-18125,-0.018125,465,120,112,33,1,33,1,0
Random,292,OFF,OFF_ON,5062958,5.062958,-18125,-0.018125,465,120,112,0,0,0,0,34
Random,293,ON,ON_OFF,5102208,5.102208,23250,0.02325,465,120,112,33,1,33,1,0
Random,293,OFF,ON_OFF,5078958,5.078958,23250,0.02325,465,120,112,0,0,0,0,34
Random,294,ON,OFF_ON,5031042,5.031042,-103000,-0.103,465,120,112,33,1,33,1,0
Random,294,OFF,OFF_ON,5134042,5.134042,-103000,-0.103,465,120,112,0,0,0,0,34
Random,295,ON,ON_OFF,5052084,5.052084,-280582,-0.280582,465,120,112,33,1,33,1,0
Random,295,OFF,ON_OFF,5332666,5.332666,-280582,-0.280582,465,120,112,0,0,0,0,34
Random,296,ON,OFF_ON,5197458,5.197458,111958,0.111958,465,120,112,33,1,33,1,0
Random,296,OFF,OFF_ON,5085500,5.0855,111958,0.111958,465,120,112,0,0,0,0,34
Random,297,ON,ON_OFF,5115875,5.115875,-344792,-0.344792,465,120,112,33,1,33,1,0
Random,297,OFF,ON_OFF,5460667,5.460667,-344792,-0.344792,465,120,112,0,0,0,0,34
Random,298,ON,OFF_ON,5298958,5.298958,-233876,-0.233876,465,120,112,33,1,33,1,0
Random,298,OFF,OFF_ON,5532834,5.532834,-233876,-0.233876,465,120,112,0,0,0,0,34
Random,299,ON,ON_OFF,5336709,5.336709,-81500,-0.0815,465,120,112,33,1,33,1,0
Random,299,OFF,ON_OFF,5418209,5.418209,-81500,-0.0815,465,120,112,0,0,0,0,34
Random,300,ON,OFF_ON,5930250,5.93025,-24036333,-24.036333,465,120,112,33,1,33,1,0
Random,300,OFF,OFF_ON,29966583,29.966583,-24036333,-24.036333,465,120,112,0,0,0,0,34
Random,301,ON,ON_OFF,5759625,5.759625,-1023417,-1.023417,465,120,112,33,1,33,1,0
Random,301,OFF,ON_OFF,6783042,6.783042,-1023417,-1.023417,465,120,112,0,0,0,0,34
Random,302,ON,OFF_ON,6526750,6.52675,635958,0.635958,465,120,112,33,1,33,1,0
Random,302,OFF,OFF_ON,5890792,5.890792,635958,0.635958,465,120,112,0,0,0,0,34
Random,303,ON,ON_OFF,5927875,5.927875,139625,0.139625,465,120,112,33,1,33,1,0
Random,303,OFF,ON_OFF,5788250,5.78825,139625,0.139625,465,120,112,0,0,0,0,34
Random,304,ON,OFF_ON,6258542,6.258542,379584,0.379584,465,120,112,33,1,33,1,0
Random,304,OFF,OFF_ON,5878958,5.878958,379584,0.379584,465,120,112,0,0,0,0,34
Random,305,ON,ON_OFF,5572166,5.572166,193874,0.193874,465,120,112,33,1,33,1,0
Random,305,OFF,ON_OFF,5378292,5.378292,193874,0.193874,465,120,112,0,0,0,0,34
Random,306,ON,OFF_ON,5460041,5.460041,-91293,-0.091293,465,120,112,33,1,33,1,0
Random,306,OFF,OFF_ON,5551334,5.551334,-91293,-0.091293,465,120,112,0,0,0,0,34
Random,307,ON,ON_OFF,5492416,5.492416,159499,0.159499,465,120,112,33,1,33,1,0
Random,307,OFF,ON_OFF,5332917,5.332917,159499,0.159499,465,120,112,0,0,0,0,34
Random,308,ON,OFF_ON,5589417,5.589417,177292,0.177292,465,120,112,33,1,33,1,0
Random,308,OFF,OFF_ON,5412125,5.412125,177292,0.177292,465,120,112,0,0,0,0,34
Random,309,ON,ON_OFF,5254583,5.254583,212083,0.212083,465,120,112,33,1,33,1,0
Random,309,OFF,ON_OFF,5042500,5.0425,212083,0.212083,465,120,112,0,0,0,0,34
Random,310,ON,OFF_ON,5100167,5.100167,25625,0.025625,465,120,112,33,1,33,1,0
Random,310,OFF,OFF_ON,5074542,5.074542,25625,0.025625,465,120,112,0,0,0,0,34
Random,311,ON,ON_OFF,4979500,4.9795,-123333,-0.123333,465,120,112,33,1,33,1,0
Random,311,OFF,ON_OFF,5102833,5.102833,-123333,-0.123333,465,120,112,0,0,0,0,34
Random,312,ON,OFF_ON,5026250,5.02625,-93667,-0.093667,465,120,112,33,1,33,1,0
Random,312,OFF,OFF_ON,5119917,5.119917,-93667,-0.093667,465,120,112,0,0,0,0,34
Random,313,ON,ON_OFF,5379833,5.379833,180291,0.180291,465,120,112,33,1,33,1,0
Random,313,OFF,ON_OFF,5199542,5.199542,180291,0.180291,465,120,112,0,0,0,0,34
Random,314,ON,OFF_ON,5547500,5.5475,259792,0.259792,465,120,112,33,1,33,1,0
Random,314,OFF,OFF_ON,5287708,5.287708,259792,0.259792,465,120,112,0,0,0,0,34
Random,315,ON,ON_OFF,5409750,5.40975,248541,0.248541,465,120,112,33,1,33,1,0
Random,315,OFF,ON_OFF,5161209,5.161209,248541,0.248541,465,120,112,0,0,0,0,34
Random,316,ON,OFF_ON,5228375,5.228375,-223250,-0.22325,465,120,112,33,1,33,1,0
Random,316,OFF,OFF_ON,5451625,5.451625,-223250,-0.22325,465,120,112,0,0,0,0,34
Random,317,ON,ON_OFF,5108208,5.108208,80083,0.080083,465,120,112,33,1,33,1,0
Random,317,OFF,ON_OFF,5028125,5.028125,80083,0.080083,465,120,112,0,0,0,0,34
Random,318,ON,OFF_ON,5108209,5.108209,-73125,-0.073125,465,120,112,33,1,33,1,0
Random,318,OFF,OFF_ON,5181334,5.181334,-73125,-0.073125,465,120,112,0,0,0,0,34
Random,319,ON,ON_OFF,5144167,5.144167,163542,0.163542,465,120,112,33,1,33,1,0
Random,319,OFF,ON_OFF,4980625,4.980625,163542,0.163542,465,120,112,0,0,0,0,34
Random,320,ON,OFF_ON,4977375,4.977375,-64000,-0.064,465,120,112,33,1,33,1,0
Random,320,OFF,OFF_ON,5041375,5.041375,-64000,-0.064,465,120,112,0,0,0,0,34
Random,321,ON,ON_OFF,5132708,5.132708,55541,0.055541,465,120,112,33,1,33,1,0
Random,321,OFF,ON_OFF,5077167,5.077167,55541,0.055541,465,120,112,0,0,0,0,34
Random,322,ON,OFF_ON,5070583,5.070583,59792,0.059792,465,120,112,33,1,33,1,0
Random,322,OFF,OFF_ON,5010791,5.010791,59792,0.059792,465,120,112,0,0,0,0,34
Random,323,ON,ON_OFF,5161542,5.161542,240375,0.240375,465,120,112,33,1,33,1,0
Random,323,OFF,ON_OFF,4921167,4.921167,240375,0.240375,465,120,112,0,0,0,0,34
Random,324,ON,OFF_ON,5159708,5.159708,93875,0.093875,465,120,112,33,1,33,1,0
Random,324,OFF,OFF_ON,5065833,5.065833,93875,0.093875,465,120,112,0,0,0,0,34
Random,325,ON,ON_OFF,4986458,4.986458,19125,0.019125,465,120,112,33,1,33,1,0
Random,325,OFF,ON_OFF,4967333,4.967333,19125,0.019125,465,120,112,0,0,0,0,34
Random,326,ON,OFF_ON,5085166,5.085166,-14792,-0.014792,465,120,112,33,1,33,1,0
Random,326,OFF,OFF_ON,5099958,5.099958,-14792,-0.014792,465,120,112,0,0,0,0,34
Random,327,ON,ON_OFF,5054250,5.05425,-111667,-0.111667,465,120,112,33,1,33,1,0
Random,327,OFF,ON_OFF,5165917,5.165917,-111667,-0.111667,465,120,112,0,0,0,0,34
Random,328,ON,OFF_ON,5028417,5.028417,46834,0.046834,465,120,112,33,1,33,1,0
Random,328,OFF,OFF_ON,4981583,4.981583,46834,0.046834,465,120,112,0,0,0,0,34
Random,329,ON,ON_OFF,5091625,5.091625,53250,0.05325,465,120,112,33,1,33,1,0
Random,329,OFF,ON_OFF,5038375,5.038375,53250,0.05325,465,120,112,0,0,0,0,34
Random,330,ON,OFF_ON,5240666,5.240666,178041,0.178041,465,120,112,33,1,33,1,0
Random,330,OFF,OFF_ON,5062625,5.062625,178041,0.178041,465,120,112,0,0,0,0,34
Random,331,ON,ON_OFF,5131000,5.131,-28834,-0.028834,465,120,112,33,1,33,1,0
Random,331,OFF,ON_OFF,5159834,5.159834,-28834,-0.028834,465,120,112,0,0,0,0,34
Random,332,ON,OFF_ON,5034458,5.034458,-195625,-0.195625,465,120,112,33,1,33,1,0
Random,332,OFF,OFF_ON,5230083,5.230083,-195625,-0.195625,465,120,112,0,0,0,0,34
Random,333,ON,ON_OFF,5141334,5.141334,133584,0.133584,465,120,112,33,1,33,1,0
Random,333,OFF,ON_OFF,5007750,5.00775,133584,0.133584,465,120,112,0,0,0,0,34
Random,334,ON,OFF_ON,5036500,5.0365,23583,0.023583,465,120,112,33,1,33,1,0
Random,334,OFF,OFF_ON,5012917,5.012917,23583,0.023583,465,120,112,0,0,0,0,34
Random,335,ON,ON_OFF,5042375,5.042375,1875,0.001875,465,120,112,33,1,33,1,0
Random,335,OFF,ON_OFF,5040500,5.0405,1875,0.001875,465,120,112,0,0,0,0,34
Random,336,ON,OFF_ON,5066041,5.066041,8083,0.008083,465,120,112,33,1,33,1,0
Random,336,OFF,OFF_ON,5057958,5.057958,8083,0.008083,465,120,112,0,0,0,0,34
Random,337,ON,ON_OFF,5031833,5.031833,28875,0.028875,465,120,112,33,1,33,1,0
Random,337,OFF,ON_OFF,5002958,5.002958,28875,0.028875,465,120,112,0,0,0,0,34
Random,338,ON,OFF_ON,5106709,5.106709,-98541,-0.098541,465,120,112,33,1,33,1,0
Random,338,OFF,OFF_ON,5205250,5.20525,-98541,-0.098541,465,120,112,0,0,0,0,34
Random,339,ON,ON_OFF,5216208,5.216208,225791,0.225791,465,120,112,33,1,33,1,0
Random,339,OFF,ON_OFF,4990417,4.990417,225791,0.225791,465,120,112,0,0,0,0,34
Random,340,ON,OFF_ON,5124000,5.124,81958,0.081958,465,120,112,33,1,33,1,0
Random,340,OFF,OFF_ON,5042042,5.042042,81958,0.081958,465,120,112,0,0,0,0,34
Random,341,ON,ON_OFF,5009459,5.009459,41625,0.041625,465,120,112,33,1,33,1,0
Random,341,OFF,ON_OFF,4967834,4.967834,41625,0.041625,465,120,112,0,0,0,0,34
Random,342,ON,OFF_ON,5053583,5.053583,-40334,-0.040334,465,120,112,33,1,33,1,0
Random,342,OFF,OFF_ON,5093917,5.093917,-40334,-0.040334,465,120,112,0,0,0,0,34
Random,343,ON,ON_OFF,5075625,5.075625,8375,0.008375,465,120,112,33,1,33,1,0
Random,343,OFF,ON_OFF,5067250,5.06725,8375,0.008375,465,120,112,0,0,0,0,34
Random,344,ON,OFF_ON,5114542,5.114542,137042,0.137042,465,120,112,33,1,33,1,0
Random,344,OFF,OFF_ON,4977500,4.9775,137042,0.137042,465,120,112,0,0,0,0,34
Random,345,ON,ON_OFF,5396708,5.396708,320458,0.320458,465,120,112,33,1,33,1,0
Random,345,OFF,ON_OFF,5076250,5.07625,320458,0.320458,465,120,112,0,0,0,0,34
Random,346,ON,OFF_ON,5030125,5.030125,-62750,-0.06275,465,120,112,33,1,33,1,0
Random,346,OFF,OFF_ON,5092875,5.092875,-62750,-0.06275,465,120,112,0,0,0,0,34
Random,347,ON,ON_OFF,5044083,5.044083,-106917,-0.106917,465,120,112,33,1,33,1,0
Random,347,OFF,ON_OFF,5151000,5.151,-106917,-0.106917,465,120,112,0,0,0,0,34
Random,348,ON,OFF_ON,4988458,4.988458,-113292,-0.113292,465,120,112,33,1,33,1,0
Random,348,OFF,OFF_ON,5101750,5.10175,-113292,-0.113292,465,120,112,0,0,0,0,34
Random,349,ON,ON_OFF,4994125,4.994125,-25959,-0.025959,465,120,112,33,1,33,1,0
Random,349,OFF,ON_OFF,5020084,5.020084,-25959,-0.025959,465,120,112,0,0,0,0,34
Random,350,ON,OFF_ON,5070458,5.070458,107249,0.107249,465,120,112,33,1,33,1,0
Random,350,OFF,OFF_ON,4963209,4.963209,107249,0.107249,465,120,112,0,0,0,0,34
Random,351,ON,ON_OFF,5189958,5.189958,-253167,-0.253167,465,120,112,33,1,33,1,0
Random,351,OFF,ON_OFF,5443125,5.443125,-253167,-0.253167,465,120,112,0,0,0,0,34
Random,352,ON,OFF_ON,5126666,5.126666,-233584,-0.233584,465,120,112,33,1,33,1,0
Random,352,OFF,OFF_ON,5360250,5.36025,-233584,-0.233584,465,120,112,0,0,0,0,34
Random,353,ON,ON_OFF,5118959,5.118959,133834,0.133834,465,120,112,33,1,33,1,0
Random,353,OFF,ON_OFF,4985125,4.985125,133834,0.133834,465,120,112,0,0,0,0,34
Random,354,ON,OFF_ON,5017083,5.017083,-21209,-0.021209,465,120,112,33,1,33,1,0
Random,354,OFF,OFF_ON,5038292,5.038292,-21209,-0.021209,465,120,112,0,0,0,0,34
Random,355,ON,ON_OFF,5001916,5.001916,-5876,-0.005876,465,120,112,33,1,33,1,0
Random,355,OFF,ON_OFF,5007792,5.007792,-5876,-0.005876,465,120,112,0,0,0,0,34
Random,356,ON,OFF_ON,5029167,5.029167,-26875,-0.026875,465,120,112,33,1,33,1,0
Random,356,OFF,OFF_ON,5056042,5.056042,-26875,-0.026875,465,120,112,0,0,0,0,34
Random,357,ON,ON_OFF,5121583,5.121583,90958,0.090958,465,120,112,33,1,33,1,0
Random,357,OFF,ON_OFF,5030625,5.030625,90958,0.090958,465,120,112,0,0,0,0,34
Random,358,ON,OFF_ON,5048750,5.04875,131458,0.131458,465,120,112,33,1,33,1,0
Random,358,OFF,OFF_ON,4917292,4.917292,131458,0.131458,465,120,112,0,0,0,0,34
Random,359,ON,ON_OFF,5060125,5.060125,35500,0.0355,465,120,112,33,1,33,1,0
Random,359,OFF,ON_OFF,5024625,5.024625,35500,0.0355,465,120,112,0,0,0,0,34
Random,360,ON,OFF_ON,24047875,24.047875,18966000,18.966,465,120,112,33,1,33,1,0
Random,360,OFF,OFF_ON,5081875,5.081875,18966000,18.966,465,120,112,0,0,0,0,34
Random,361,ON,ON_OFF,5349708,5.349708,189833,0.189833,465,120,112,33,1,33,1,0
Random,361,OFF,ON_OFF,5159875,5.159875,189833,0.189833,465,120,112,0,0,0,0,34
Random,362,ON,OFF_ON,5103583,5.103583,45583,0.045583,465,120,112,33,1,33,1,0
Random,362,OFF,OFF_ON,5058000,5.058,45583,0.045583,465,120,112,0,0,0,0,34
Random,363,ON,ON_OFF,5152584,5.152584,104375,0.104375,465,120,112,33,1,33,1,0
Random,363,OFF,ON_OFF,5048209,5.048209,104375,0.104375,465,120,112,0,0,0,0,34
Random,364,ON,OFF_ON,5166000,5.166,164125,0.164125,465,120,112,33,1,33,1,0
Random,364,OFF,OFF_ON,5001875,5.001875,164125,0.164125,465,120,112,0,0,0,0,34
Random,365,ON,ON_OFF,5072625,5.072625,-18250,-0.01825,465,120,112,33,1,33,1,0
Random,365,OFF,ON_OFF,5090875,5.090875,-18250,-0.01825,465,120,112,0,0,0,0,34
Random,366,ON,OFF_ON,5056416,5.056416,-39709,-0.039709,465,120,112,33,1,33,1,0
Random,366,OFF,OFF_ON,5096125,5.096125,-39709,-0.039709,465,120,112,0,0,0,0,34
Random,367,ON,ON_OFF,4978459,4.978459,-129124,-0.129124,465,120,112,33,1,33,1,0
Random,367,OFF,ON_OFF,5107583,5.107583,-129124,-0.129124,465,120,112,0,0,0,0,34
Random,368,ON,OFF_ON,5043459,5.043459,72501,0.072501,465,120,112,33,1,33,1,0
Random,368,OFF,OFF_ON,4970958,4.970958,72501,0.072501,465,120,112,0,0,0,0,34
Random,369,ON,ON_OFF,5113667,5.113667,91501,0.091501,465,120,112,33,1,33,1,0
Random,369,OFF,ON_OFF,5022166,5.022166,91501,0.091501,465,120,112,0,0,0,0,34
Random,370,ON,OFF_ON,5049958,5.049958,-20125,-0.020125,465,120,112,33,1,33,1,0
Random,370,OFF,OFF_ON,5070083,5.070083,-20125,-0.020125,465,120,112,0,0,0,0,34
Random,371,ON,ON_OFF,5077500,5.0775,105291,0.105291,465,120,112,33,1,33,1,0
Random,371,OFF,ON_OFF,4972209,4.972209,105291,0.105291,465,120,112,0,0,0,0,34
Random,372,ON,OFF_ON,5163333,5.163333,28333,0.028333,465,120,112,33,1,33,1,0
Random,372,OFF,OFF_ON,5135000,5.135,28333,0.028333,465,120,112,0,0,0,0,34
Random,373,ON,ON_OFF,5164583,5.164583,113375,0.113375,465,120,112,33,1,33,1,0
Random,373,OFF,ON_OFF,5051208,5.051208,113375,0.113375,465,120,112,0,0,0,0,34
Random,374,ON,OFF_ON,5246333,5.246333,132083,0.132083,465,120,112,33,1,33,1,0
Random,374,OFF,OFF_ON,5114250,5.11425,132083,0.132083,465,120,112,0,0,0,0,34
Random,375,ON,ON_OFF,5103084,5.103084,137209,0.137209,465,120,112,33,1,33,1,0
Random,375,OFF,ON_OFF,4965875,4.965875,137209,0.137209,465,120,112,0,0,0,0,34
Random,376,ON,OFF_ON,5039667,5.039667,-39666,-0.039666,465,120,112,33,1,33,1,0
Random,376,OFF,OFF_ON,5079333,5.079333,-39666,-0.039666,465,120,112,0,0,0,0,34
Random,377,ON,ON_OFF,5058125,5.058125,23708,0.023708,465,120,112,33,1,33,1,0
Random,377,OFF,ON_OFF,5034417,5.034417,23708,0.023708,465,120,112,0,0,0,0,34
Random,378,ON,OFF_ON,5116916,5.116916,90332,0.090332,465,120,112,33,1,33,1,0
Random,378,OFF,OFF_ON,5026584,5.026584,90332,0.090332,465,120,112,0,0,0,0,34
Random,379,ON,ON_OFF,5097542,5.097542,157833,0.157833,465,120,112,33,1,33,1,0
Random,379,OFF,ON_OFF,4939709,4.939709,157833,0.157833,465,120,112,0,0,0,0,34
Random,380,ON,OFF_ON,5129875,5.129875,140583,0.140583,465,120,112,33,1,33,1,0
Random,380,OFF,OFF_ON,4989292,4.989292,140583,0.140583,465,120,112,0,0,0,0,34
Random,381,ON,ON_OFF,5021583,5.021583,12625,0.012625,465,120,112,33,1,33,1,0
Random,381,OFF,ON_OFF,5008958,5.008958,12625,0.012625,465,120,112,0,0,0,0,34
Random,382,ON,OFF_ON,4983875,4.983875,-143625,-0.143625,465,120,112,33,1,33,1,0
Random,382,OFF,OFF_ON,5127500,5.1275,-143625,-0.143625,465,120,112,0,0,0,0,34
Random,383,ON,ON_OFF,5086208,5.086208,96708,0.096708,465,120,112,33,1,33,1,0
Random,383,OFF,ON_OFF,4989500,4.9895,96708,0.096708,465,120,112,0,0,0,0,34
Random,384,ON,OFF_ON,5000958,5.000958,19625,0.019625,465,120,112,33,1,33,1,0
Random,384,OFF,OFF_ON,4981333,4.981333,19625,0.019625,465,120,112,0,0,0,0,34
Random,385,ON,ON_OFF,5180708,5.180708,141333,0.141333,465,120,112,33,1,33,1,0
Random,385,OFF,ON_OFF,5039375,5.039375,141333,0.141333,465,120,112,0,0,0,0,34
Random,386,ON,OFF_ON,5068000,5.068,65042,0.065042,465,120,112,33,1,33,1,0
Random,386,OFF,OFF_ON,5002958,5.002958,65042,0.065042,465,120,112,0,0,0,0,34
Random,387,ON,ON_OFF,5027583,5.027583,-72709,-0.072709,465,120,112,33,1,33,1,0
Random,387,OFF,ON_OFF,5100292,5.100292,-72709,-0.072709,465,120,112,0,0,0,0,34
Random,388,ON,OFF_ON,4998583,4.998583,42625,0.042625,465,120,112,33,1,33,1,0
Random,388,OFF,OFF_ON,4955958,4.955958,42625,0.042625,465,120,112,0,0,0,0,34
Random,389,ON,ON_OFF,5069000,5.069,26375,0.026375,465,120,112,33,1,33,1,0
Random,389,OFF,ON_OFF,5042625,5.042625,26375,0.026375,465,120,112,0,0,0,0,34
Random,390,ON,OFF_ON,5053459,5.053459,89792,0.089792,465,120,112,33,1,33,1,0
Random,390,OFF,OFF_ON,4963667,4.963667,89792,0.089792,465,120,112,0,0,0,0,34
Random,391,ON,ON_OFF,5040500,5.0405,50916,0.050916,465,120,112,33,1,33,1,0
Random,391,OFF,ON_OFF,4989584,4.989584,50916,0.050916,465,120,112,0,0,0,0,34
Random,392,ON,OFF_ON,5054583,5.054583,12167,0.012167,465,120,112,33,1,33,1,0
Random,392,OFF,OFF_ON,5042416,5.042416,12167,0.012167,465,120,112,0,0,0,0,34
Random,393,ON,ON_OFF,5052917,5.052917,-154916,-0.154916,465,120,112,33,1,33,1,0
Random,393,OFF,ON_OFF,5207833,5.207833,-154916,-0.154916,465,120,112,0,0,0,0,34
Random,394,ON,OFF_ON,5091166,5.091166,54291,0.054291,465,120,112,33,1,33,1,0
Random,394,OFF,OFF_ON,5036875,5.036875,54291,0.054291,465,120,112,0,0,0,0,34
Random,395,ON,ON_OFF,5430542,5.430542,397750,0.39775,465,120,112,33,1,33,1,0
Random,395,OFF,ON_OFF,5032792,5.032792,397750,0.39775,465,120,112,0,0,0,0,34
Random,396,ON,OFF_ON,5056917,5.056917,-7624,-0.007624,465,120,112,33,1,33,1,0
Random,396,OFF,OFF_ON,5064541,5.064541,-7624,-0.007624,465,120,112,0,0,0,0,34
Random,397,ON,ON_OFF,5034750,5.03475,-18084,-0.018084,465,120,112,33,1,33,1,0
Random,397,OFF,ON_OFF,5052834,5.052834,-18084,-0.018084,465,120,112,0,0,0,0,34
Random,398,ON,OFF_ON,5032458,5.032458,47666,0.047666,465,120,112,33,1,33,1,0
Random,398,OFF,OFF_ON,4984792,4.984792,47666,0.047666,465,120,112,0,0,0,0,34
Random,399,ON,ON_OFF,5064166,5.064166,-20125,-0.020125,465,120,112,33,1,33,1,0
Random,399,OFF,ON_OFF,5084291,5.084291,-20125,-0.020125,465,120,112,0,0,0,0,34
Random,400,ON,OFF_ON,5047916,5.047916,127458,0.127458,465,120,112,33,1,33,1,0
Random,400,OFF,OFF_ON,4920458,4.920458,127458,0.127458,465,120,112,0,0,0,0,34
Random,401,ON,ON_OFF,5089584,5.089584,-394457,-0.394457,465,120,112,33,1,33,1,0
Random,401,OFF,ON_OFF,5484041,5.484041,-394457,-0.394457,465,120,112,0,0,0,0,34
Random,402,ON,OFF_ON,5099375,5.099375,-245750,-0.24575,465,120,112,33,1,33,1,0
Random,402,OFF,OFF_ON,5345125,5.345125,-245750,-0.24575,465,120,112,0,0,0,0,34
Random,403,ON,ON_OFF,5011125,5.011125,3208,0.003208,465,120,112,33,1,33,1,0
Random,403,OFF,ON_OFF,5007917,5.007917,3208,0.003208,465,120,112,0,0,0,0,34
Random,404,ON,OFF_ON,5011542,5.011542,-2292,-0.002292,465,120,112,33,1,33,1,0
Random,404,OFF,OFF_ON,5013834,5.013834,-2292,-0.002292,465,120,112,0,0,0,0,34
Random,405,ON,ON_OFF,5129917,5.129917,90042,0.090042,465,120,112,33,1,33,1,0
Random,405,OFF,ON_OFF,5039875,5.039875,90042,0.090042,465,120,112,0,0,0,0,34
Random,406,ON,OFF_ON,5033959,5.033959,-207,-0.000207,465,120,112,33,1,33,1,0
Random,406,OFF,OFF_ON,5034166,5.034166,-207,-0.000207,465,120,112,0,0,0,0,34
Random,407,ON,ON_OFF,5094541,5.094541,157166,0.157166,465,120,112,33,1,33,1,0
Random,407,OFF,ON_OFF,4937375,4.937375,157166,0.157166,465,120,112,0,0,0,0,34
Random,408,ON,OFF_ON,5046667,5.046667,75876,0.075876,465,120,112,33,1,33,1,0
Random,408,OFF,OFF_ON,4970791,4.970791,75876,0.075876,465,120,112,0,0,0,0,34
Random,409,ON,ON_OFF,5052584,5.052584,103043,0.103043,465,120,112,33,1,33,1,0
Random,409,OFF,ON_OFF,4949541,4.949541,103043,0.103043,465,120,112,0,0,0,0,34
Random,410,ON,OFF_ON,5034000,5.034,27917,0.027917,465,120,112,33,1,33,1,0
Random,410,OFF,OFF_ON,5006083,5.006083,27917,0.027917,465,120,112,0,0,0,0,34
Random,411,ON,ON_OFF,4961958,4.961958,-227542,-0.227542,465,120,112,33,1,33,1,0
Random,411,OFF,ON_OFF,5189500,5.1895,-227542,-0.227542,465,120,112,0,0,0,0,34
Random,412,ON,OFF_ON,5049167,5.049167,20917,0.020917,465,120,112,33,1,33,1,0
Random,412,OFF,OFF_ON,5028250,5.02825,20917,0.020917,465,120,112,0,0,0,0,34
Random,413,ON,ON_OFF,4991166,4.991166,-16917,-0.016917,465,120,112,33,1,33,1,0
Random,413,OFF,ON_OFF,5008083,5.008083,-16917,-0.016917,465,120,112,0,0,0,0,34
Random,414,ON,OFF_ON,5027625,5.027625,14667,0.014667,465,120,112,33,1,33,1,0
Random,414,OFF,OFF_ON,5012958,5.012958,14667,0.014667,465,120,112,0,0,0,0,34
Random,415,ON,ON_OFF,5246500,5.2465,157750,0.15775,465,120,112,33,1,33,1,0
Random,415,OFF,ON_OFF,5088750,5.08875,157750,0.15775,465,120,112,0,0,0,0,34
Random,416,ON,OFF_ON,5130084,5.130084,157375,0.157375,465,120,112,33,1,33,1,0
Random,416,OFF,OFF_ON,4972709,4.972709,157375,0.157375,465,120,112,0,0,0,0,34
Random,417,ON,ON_OFF,5054292,5.054292,109125,0.109125,465,120,112,33,1,33,1,0
Random,417,OFF,ON_OFF,4945167,4.945167,109125,0.109125,465,120,112,0,0,0,0,34
Random,418,ON,OFF_ON,5044458,5.044458,6292,0.006292,465,120,112,33,1,33,1,0
Random,418,OFF,OFF_ON,5038166,5.038166,6292,0.006292,465,120,112,0,0,0,0,34
Random,419,ON,ON_OFF,5173250,5.17325,143458,0.143458,465,120,112,33,1,33,1,0
Random,419,OFF,ON_OFF,5029792,5.029792,143458,0.143458,465,120,112,0,0,0,0,34
Random,420,ON,OFF_ON,5130541,5.130541,94416,0.094416,465,120,112,33,1,33,1,0
Random,420,OFF,OFF_ON,5036125,5.036125,94416,0.094416,465,120,112,0,0,0,0,34
Random,421,ON,ON_OFF,5074917,5.074917,94667,0.094667,465,120,112,33,1,33,1,0
Random,421,OFF,ON_OFF,4980250,4.98025,94667,0.094667,465,120,112,0,0,0,0,34
Random,422,ON,OFF_ON,5067500,5.0675,25000,0.025,465,120,112,33,1,33,1,0
Random,422,OFF,OFF_ON,5042500,5.0425,25000,0.025,465,120,112,0,0,0,0,34
Random,423,ON,ON_OFF,5332542,5.332542,249667,0.249667,465,120,112,33,1,33,1,0
Random,423,OFF,ON_OFF,5082875,5.082875,249667,0.249667,465,120,112,0,0,0,0,34
Random,424,ON,OFF_ON,5052500,5.0525,2125,0.002125,465,120,112,33,1,33,1,0
Random,424,OFF,OFF_ON,5050375,5.050375,2125,0.002125,465,120,112,0,0,0,0,34
Random,425,ON,ON_OFF,5122250,5.12225,141041,0.141041,465,120,112,33,1,33,1,0
Random,425,OFF,ON_OFF,4981209,4.981209,141041,0.141041,465,120,112,0,0,0,0,34
Random,426,ON,OFF_ON,5091334,5.091334,40168,0.040168,465,120,112,33,1,33,1,0
Random,426,OFF,OFF_ON,5051166,5.051166,40168,0.040168,465,120,112,0,0,0,0,34
Random,427,ON,ON_OFF,4991125,4.991125,-91000,-0.091,465,120,112,33,1,33,1,0
Random,427,OFF,ON_OFF,5082125,5.082125,-91000,-0.091,465,120,112,0,0,0,0,34
Random,428,ON,OFF_ON,5028042,5.028042,-47083,-0.047083,465,120,112,33,1,33,1,0
Random,428,OFF,OFF_ON,5075125,5.075125,-47083,-0.047083,465,120,112,0,0,0,0,34
Random,429,ON,ON_OFF,5002042,5.002042,-95624,-0.095624,465,120,112,33,1,33,1,0
Random,429,OFF,ON_OFF,5097666,5.097666,-95624,-0.095624,465,120,112,0,0,0,0,34
Random,430,ON,OFF_ON,5102000,5.102,122958,0.122958,465,120,112,33,1,33,1,0
Random,430,OFF,OFF_ON,4979042,4.979042,122958,0.122958,465,120,112,0,0,0,0,34
Random,431,ON,ON_OFF,5291166,5.291166,-55584,-0.055584,465,120,112,33,1,33,1,0
Random,431,OFF,ON_OFF,5346750,5.34675,-55584,-0.055584,465,120,112,0,0,0,0,34
Random,432,ON,OFF_ON,5241583,5.241583,-58334,-0.058334,465,120,112,33,1,33,1,0
Random,432,OFF,OFF_ON,5299917,5.299917,-58334,-0.058334,465,120,112,0,0,0,0,34
Random,433,ON,ON_OFF,5262584,5.262584,201167,0.201167,465,120,112,33,1,33,1,0
Random,433,OFF,ON_OFF,5061417,5.061417,201167,0.201167,465,120,112,0,0,0,0,34
Random,434,ON,OFF_ON,5014792,5.014792,-110083,-0.110083,465,120,112,33,1,33,1,0
Random,434,OFF,OFF_ON,5124875,5.124875,-110083,-0.110083,465,120,112,0,0,0,0,34
Random,435,ON,ON_OFF,5133667,5.133667,73709,0.073709,465,120,112,33,1,33,1,0
Random,435,OFF,ON_OFF,5059958,5.059958,73709,0.073709,465,120,112,0,0,0,0,34
Random,436,ON,OFF_ON,5086791,5.086791,153207,0.153207,465,120,112,33,1,33,1,0
Random,436,OFF,OFF_ON,4933584,4.933584,153207,0.153207,465,120,112,0,0,0,0,34
Random,437,ON,ON_OFF,5121042,5.121042,124917,0.124917,465,120,112,33,1,33,1,0
Random,437,OFF,ON_OFF,4996125,4.996125,124917,0.124917,465,120,112,0,0,0,0,34
Random,438,ON,OFF_ON,5099750,5.09975,77750,0.07775,465,120,112,33,1,33,1,0
Random,438,OFF,OFF_ON,5022000,5.022,77750,0.07775,465,120,112,0,0,0,0,34
Random,439,ON,ON_OFF,4984500,4.9845,43542,0.043542,465,120,112,33,1,33,1,0
Random,439,OFF,ON_OFF,4940958,4.940958,43542,0.043542,465,120,112,0,0,0,0,34
Random,440,ON,OFF_ON,5065125,5.065125,53625,0.053625,465,120,112,33,1,33,1,0
Random,440,OFF,OFF_ON,5011500,5.0115,53625,0.053625,465,120,112,0,0,0,0,34
Random,441,ON,ON_OFF,5062083,5.062083,-14834,-0.014834,465,120,112,33,1,33,1,0
Random,441,OFF,ON_OFF,5076917,5.076917,-14834,-0.014834,465,120,112,0,0,0,0,34
Random,442,ON,OFF_ON,5003250,5.00325,-5292,-0.005292,465,120,112,33,1,33,1,0
Random,442,OFF,OFF_ON,5008542,5.008542,-5292,-0.005292,465,120,112,0,0,0,0,34
Random,443,ON,ON_OFF,5002375,5.002375,33250,0.03325,465,120,112,33,1,33,1,0
Random,443,OFF,ON_OFF,4969125,4.969125,33250,0.03325,465,120,112,0,0,0,0,34
Random,444,ON,OFF_ON,5002875,5.002875,-42417,-0.042417,465,120,112,33,1,33,1,0
Random,444,OFF,OFF_ON,5045292,5.045292,-42417,-0.042417,465,120,112,0,0,0,0,34
Random,445,ON,ON_OFF,5992167,5.992167,862084,0.862084,465,120,112,33,1,33,1,0
Random,445,OFF,ON_OFF,5130083,5.130083,862084,0.862084,465,120,112,0,0,0,0,34
Random,446,ON,OFF_ON,5233625,5.233625,153833,0.153833,465,120,112,33,1,33,1,0
Random,446,OFF,OFF_ON,5079792,5.079792,153833,0.153833,465,120,112,0,0,0,0,34
Random,447,ON,ON_OFF,5160125,5.160125,118583,0.118583,465,120,112,33,1,33,1,0
Random,447,OFF,ON_OFF,5041542,5.041542,118583,0.118583,465,120,112,0,0,0,0,34
Random,448,ON,OFF_ON,5059750,5.05975,44292,0.044292,465,120,112,33,1,33,1,0
Random,448,OFF,OFF_ON,5015458,5.015458,44292,0.044292,465,120,112,0,0,0,0,34
Random,449,ON,ON_OFF,5023791,5.023791,-27209,-0.027209,465,120,112,33,1,33,1,0
Random,449,OFF,ON_OFF,5051000,5.051,-27209,-0.027209,465,120,112,0,0,0,0,34
Random,450,ON,OFF_ON,5123834,5.123834,25043,0.025043,465,120,112,33,1,33,1,0
Random,450,OFF,OFF_ON,5098791,5.098791,25043,0.025043,465,120,112,0,0,0,0,34
Random,451,ON,ON_OFF,5129292,5.129292,-420375,-0.420375,465,120,112,33,1,33,1,0
Random,451,OFF,ON_OFF,5549667,5.549667,-420375,-0.420375,465,120,112,0,0,0,0,34
Random,452,ON,OFF_ON,5358625,5.358625,214875,0.214875,465,120,112,33,1,33,1,0
Random,452,OFF,OFF_ON,5143750,5.14375,214875,0.214875,465,120,112,0,0,0,0,34
Random,453,ON,ON_OFF,5092500,5.0925,-29083,-0.029083,465,120,112,33,1,33,1,0
Random,453,OFF,ON_OFF,5121583,5.121583,-29083,-0.029083,465,120,112,0,0,0,0,34
Random,454,ON,OFF_ON,5059958,5.059958,-13626,-0.013626,465,120,112,33,1,33,1,0
Random,454,OFF,OFF_ON,5073584,5.073584,-13626,-0.013626,465,120,112,0,0,0,0,34
Random,455,ON,ON_OFF,5123167,5.123167,88208,0.088208,465,120,112,33,1,33,1,0
Random,455,OFF,ON_OFF,5034959,5.034959,88208,0.088208,465,120,112,0,0,0,0,34
Random,456,ON,OFF_ON,5905916,5.905916,694958,0.694958,465,120,112,33,1,33,1,0
Random,456,OFF,OFF_ON,5210958,5.210958,694958,0.694958,465,120,112,0,0,0,0,34
Random,457,ON,ON_OFF,5405375,5.405375,-309875,-0.309875,465,120,112,33,1,33,1,0
Random,457,OFF,ON_OFF,5715250,5.71525,-309875,-0.309875,465,120,112,0,0,0,0,34
Random,458,ON,OFF_ON,5504417,5.504417,64459,0.064459,465,120,112,33,1,33,1,0
Random,458,OFF,OFF_ON,5439958,5.439958,64459,0.064459,465,120,112,0,0,0,0,34
Random,459,ON,ON_OFF,5383833,5.383833,308917,0.308917,465,120,112,33,1,33,1,0
Random,459,OFF,ON_OFF,5074916,5.074916,308917,0.308917,465,120,112,0,0,0,0,34
Random,460,ON,OFF_ON,5381042,5.381042,-32249,-0.032249,465,120,112,33,1,33,1,0
Random,460,OFF,OFF_ON,5413291,5.413291,-32249,-0.032249,465,120,112,0,0,0,0,34
Random,461,ON,ON_OFF,5230166,5.230166,114749,0.114749,465,120,112,33,1,33,1,0
Random,461,OFF,ON_OFF,5115417,5.115417,114749,0.114749,465,120,112,0,0,0,0,34
Random,462,ON,OFF_ON,5168458,5.168458,82166,0.082166,465,120,112,33,1,33,1,0
Random,462,OFF,OFF_ON,5086292,5.086292,82166,0.082166,465,120,112,0,0,0,0,34
Random,463,ON,ON_OFF,5032292,5.032292,12625,0.012625,465,120,112,33,1,33,1,0
Random,463,OFF,ON_OFF,5019667,5.019667,12625,0.012625,465,120,112,0,0,0,0,34
Random,464,ON,OFF_ON,5174500,5.1745,80375,0.080375,465,120,112,33,1,33,1,0
Random,464,OFF,OFF_ON,5094125,5.094125,80375,0.080375,465,120,112,0,0,0,0,34
Random,465,ON,ON_OFF,5016834,5.016834,4167,0.004167,465,120,112,33,1,33,1,0
Random,465,OFF,ON_OFF,5012667,5.012667,4167,0.004167,465,120,112,0,0,0,0,34
Random,466,ON,OFF_ON,5042542,5.042542,1417,0.001417,465,120,112,33,1,33,1,0
Random,466,OFF,OFF_ON,5041125,5.041125,1417,0.001417,465,120,112,0,0,0,0,34
Random,467,ON,ON_OFF,5049584,5.049584,-55416,-0.055416,465,120,112,33,1,33,1,0
Random,467,OFF,ON_OFF,5105000,5.105,-55416,-0.055416,465,120,112,0,0,0,0,34
Random,468,ON,OFF_ON,5126167,5.126167,92084,0.092084,465,120,112,33,1,33,1,0
Random,468,OFF,OFF_ON,5034083,5.034083,92084,0.092084,465,120,112,0,0,0,0,34
Random,469,ON,ON_OFF,5110916,5.110916,165208,0.165208,465,120,112,33,1,33,1,0
Random,469,OFF,ON_OFF,4945708,4.945708,165208,0.165208,465,120,112,0,0,0,0,34
Random,470,ON,OFF_ON,5106000,5.106,65709,0.065709,465,120,112,33,1,33,1,0
Random,470,OFF,OFF_ON,5040291,5.040291,65709,0.065709,465,120,112,0,0,0,0,34
Random,471,ON,ON_OFF,5135542,5.135542,57958,0.057958,465,120,112,33,1,33,1,0
Random,471,OFF,ON_OFF,5077584,5.077584,57958,0.057958,465,120,112,0,0,0,0,34
Random,472,ON,OFF_ON,5055959,5.055959,45501,0.045501,465,120,112,33,1,33,1,0
Random,472,OFF,OFF_ON,5010458,5.010458,45501,0.045501,465,120,112,0,0,0,0,34
Random,473,ON,ON_OFF,5034417,5.034417,-51541,-0.051541,465,120,112,33,1,33,1,0
Random,473,OFF,ON_OFF,5085958,5.085958,-51541,-0.051541,465,120,112,0,0,0,0,34
Random,474,ON,OFF_ON,24392167,24.392167,19342875,19.342875,465,120,112,33,1,33,1,0
Random,474,OFF,OFF_ON,5049292,5.049292,19342875,19.342875,465,120,112,0,0,0,0,34
Random,475,ON,ON_OFF,5384000,5.384,118708,0.118708,465,120,112,33,1,33,1,0
Random,475,OFF,ON_OFF,5265292,5.265292,118708,0.118708,465,120,112,0,0,0,0,34
Random,476,ON,OFF_ON,4992416,4.992416,-186459,-0.186459,465,120,112,33,1,33,1,0
Random,476,OFF,OFF_ON,5178875,5.178875,-186459,-0.186459,465,120,112,0,0,0,0,34
Random,477,ON,ON_OFF,5084250,5.08425,38208,0.038208,465,120,112,33,1,33,1,0
Random,477,OFF,ON_OFF,5046042,5.046042,38208,0.038208,465,120,112,0,0,0,0,34
Random,478,ON,OFF_ON,5069666,5.069666,7124,0.007124,465,120,112,33,1,33,1,0
Random,478,OFF,OFF_ON,5062542,5.062542,7124,0.007124,465,120,112,0,0,0,0,34
Random,479,ON,ON_OFF,5115875,5.115875,48833,0.048833,465,120,112,33,1,33,1,0
Random,479,OFF,ON_OFF,5067042,5.067042,48833,0.048833,465,120,112,0,0,0,0,34
Random,480,ON,OFF_ON,5108208,5.108208,76124,0.076124,465,120,112,33,1,33,1,0
Random,480,OFF,OFF_ON,5032084,5.032084,76124,0.076124,465,120,112,0,0,0,0,34
Random,481,ON,ON_OFF,5108125,5.108125,83583,0.083583,465,120,112,33,1,33,1,0
Random,481,OFF,ON_OFF,5024542,5.024542,83583,0.083583,465,120,112,0,0,0,0,34
Random,482,ON,OFF_ON,5032167,5.032167,92251,0.092251,465,120,112,33,1,33,1,0
Random,482,OFF,OFF_ON,4939916,4.939916,92251,0.092251,465,120,112,0,0,0,0,34
Random,483,ON,ON_OFF,5035667,5.035667,5583,0.005583,465,120,112,33,1,33,1,0
Random,483,OFF,ON_OFF,5030084,5.030084,5583,0.005583,465,120,112,0,0,0,0,34
Random,484,ON,OFF_ON,5230125,5.230125,142708,0.142708,465,120,112,33,1,33,1,0
Random,484,OFF,OFF_ON,5087417,5.087417,142708,0.142708,465,120,112,0,0,0,0,34
Random,485,ON,ON_OFF,5042916,5.042916,33583,0.033583,465,120,112,33,1,33,1,0
Random,485,OFF,ON_OFF,5009333,5.009333,33583,0.033583,465,120,112,0,0,0,0,34
Random,486,ON,OFF_ON,5131875,5.131875,-103833,-0.103833,465,120,112,33,1,33,1,0
Random,486,OFF,OFF_ON,5235708,5.235708,-103833,-0.103833,465,120,112,0,0,0,0,34
Random,487,ON,ON_OFF,5130500,5.1305,134500,0.1345,465,120,112,33,1,33,1,0
Random,487,OFF,ON_OFF,4996000,4.996,134500,0.1345,465,120,112,0,0,0,0,34
Random,488,ON,OFF_ON,4990833,4.990833,16666,0.016666,465,120,112,33,1,33,1,0
Random,488,OFF,OFF_ON,4974167,4.974167,16666,0.016666,465,120,112,0,0,0,0,34
Random,489,ON,ON_OFF,5054000,5.054,46542,0.046542,465,120,112,33,1,33,1,0
Random,489,OFF,ON_OFF,5007458,5.007458,46542,0.046542,465,120,112,0,0,0,0,34
Random,490,ON,OFF_ON,4916625,4.916625,-47459,-0.047459,465,120,112,33,1,33,1,0
Random,490,OFF,OFF_ON,4964084,4.964084,-47459,-0.047459,465,120,112,0,0,0,0,34
Random,491,ON,ON_OFF,4981958,4.981958,-195208,-0.195208,465,120,112,33,1,33,1,0
Random,491,OFF,ON_OFF,5177166,5.177166,-195208,-0.195208,465,120,112,0,0,0,0,34
Random,492,ON,OFF_ON,5089791,5.089791,84083,0.084083,465,120,112,33,1,33,1,0
Random,492,OFF,OFF_ON,5005708,5.005708,84083,0.084083,465,120,112,0,0,0,0,34
Random,493,ON,ON_OFF,5357333,5.357333,300208,0.300208,465,120,112,33,1,33,1,0
Random,493,OFF,ON_OFF,5057125,5.057125,300208,0.300208,465,120,112,0,0,0,0,34
Random,494,ON,OFF_ON,4975333,4.975333,-81209,-0.081209,465,120,112,33,1,33,1,0
Random,494,OFF,OFF_ON,5056542,5.056542,-81209,-0.081209,465,120,112,0,0,0,0,34
Random,495,ON,ON_OFF,5082125,5.082125,65125,0.065125,465,120,112,33,1,33,1,0
Random,495,OFF,ON_OFF,5017000,5.017,65125,0.065125,465,120,112,0,0,0,0,34
Random,496,ON,OFF_ON,4975416,4.975416,-96459,-0.096459,465,120,112,33,1,33,1,0
Random,496,OFF,OFF_ON,5071875,5.071875,-96459,-0.096459,465,120,112,0,0,0,0,34
Random,497,ON,ON_OFF,5128959,5.128959,60500,0.0605,465,120,112,33,1,33,1,0
Random,497,OFF,ON_OFF,5068459,5.068459,60500,0.0605,465,120,112,0,0,0,0,34
Random,498,ON,OFF_ON,5143750,5.14375,86709,0.086709,465,120,112,33,1,33,1,0
Random,498,OFF,OFF_ON,5057041,5.057041,86709,0.086709,465,120,112,0,0,0,0,34
Random,499,ON,ON_OFF,5013708,5.013708,-21917,-0.021917,465,120,112,33,1,33,1,0
Random,499,OFF,ON_OFF,5035625,5.035625,-21917,-0.021917,465,120,112,0,0,0,0,34
Random,500,ON,OFF_ON,5126792,5.126792,168625,0.168625,465,120,112,33,1,33,1,0
Random,500,OFF,OFF_ON,4958167,4.958167,168625,0.168625,465,120,112,0,0,0,0,34
